#pragma once

#include <cstddef>
#include <cstdint>

// Generated by build_scene_shaders.py -- do not edit by hand.
// Source of truth: application/shaders/*.vert and *.frag

namespace native_vulkan_scene {

static const std::uint32_t kSceneCubeVertSpv[] = {
	0x07230203,0x00010000,0x0008000b,0x00000029,0x00000000,0x00020011,0x00000001,0x0006000b,
	0x00000001,0x4c534c47,0x6474732e,0x3035342e,0x00000000,0x0003000e,0x00000000,0x00000001,
	0x000b000f,0x00000000,0x00000004,0x6e69616d,0x00000000,0x0000000d,0x00000018,0x0000001f,
	0x00000021,0x00000025,0x00000027,0x00030003,0x00000002,0x000001c2,0x00040005,0x00000004,
	0x6e69616d,0x00000000,0x00060005,0x0000000b,0x505f6c67,0x65567265,0x78657472,0x00000000,
	0x00060006,0x0000000b,0x00000000,0x505f6c67,0x7469736f,0x006e6f69,0x00070006,0x0000000b,
	0x00000001,0x505f6c67,0x746e696f,0x657a6953,0x00000000,0x00070006,0x0000000b,0x00000002,
	0x435f6c67,0x4470696c,0x61747369,0x0065636e,0x00070006,0x0000000b,0x00000003,0x435f6c67,
	0x446c6c75,0x61747369,0x0065636e,0x00030005,0x0000000d,0x00000000,0x00060005,0x00000011,
	0x6e656353,0x696e5565,0x6d726f66,0x00000073,0x00050006,0x00000011,0x00000000,0x65627563,
	0x0070764d,0x00050006,0x00000011,0x00000001,0x4d796b73,0x00007076,0x00060006,0x00000011,
	0x00000002,0x64616873,0x764d776f,0x00000070,0x00040005,0x00000013,0x6e656373,0x00000065,
	0x00050005,0x00000018,0x6f506e69,0x69746973,0x00006e6f,0x00040005,0x0000001f,0x6c6f4376,
	0x0000726f,0x00040005,0x00000021,0x6f436e69,0x00726f6c,0x00050005,0x00000025,0x78655476,
	0x726f6f43,0x00000064,0x00050005,0x00000027,0x65546e69,0x6f6f4378,0x00006472,0x00050048,
	0x0000000b,0x00000000,0x0000000b,0x00000000,0x00050048,0x0000000b,0x00000001,0x0000000b,
	0x00000001,0x00050048,0x0000000b,0x00000002,0x0000000b,0x00000003,0x00050048,0x0000000b,
	0x00000003,0x0000000b,0x00000004,0x00030047,0x0000000b,0x00000002,0x00040048,0x00000011,
	0x00000000,0x00000005,0x00050048,0x00000011,0x00000000,0x00000023,0x00000000,0x00050048,
	0x00000011,0x00000000,0x00000007,0x00000010,0x00040048,0x00000011,0x00000001,0x00000005,
	0x00050048,0x00000011,0x00000001,0x00000023,0x00000040,0x00050048,0x00000011,0x00000001,
	0x00000007,0x00000010,0x00040048,0x00000011,0x00000002,0x00000005,0x00050048,0x00000011,
	0x00000002,0x00000023,0x00000080,0x00050048,0x00000011,0x00000002,0x00000007,0x00000010,
	0x00030047,0x00000011,0x00000002,0x00040047,0x00000013,0x00000022,0x00000000,0x00040047,
	0x00000013,0x00000021,0x00000000,0x00040047,0x00000018,0x0000001e,0x00000000,0x00040047,
	0x0000001f,0x0000001e,0x00000000,0x00040047,0x00000021,0x0000001e,0x00000001,0x00040047,
	0x00000025,0x0000001e,0x00000001,0x00040047,0x00000027,0x0000001e,0x00000002,0x00020013,
	0x00000002,0x00030021,0x00000003,0x00000002,0x00030016,0x00000006,0x00000020,0x00040017,
	0x00000007,0x00000006,0x00000004,0x00040015,0x00000008,0x00000020,0x00000000,0x0004002b,
	0x00000008,0x00000009,0x00000001,0x0004001c,0x0000000a,0x00000006,0x00000009,0x0006001e,
	0x0000000b,0x00000007,0x00000006,0x0000000a,0x0000000a,0x00040020,0x0000000c,0x00000003,
	0x0000000b,0x0004003b,0x0000000c,0x0000000d,0x00000003,0x00040015,0x0000000e,0x00000020,
	0x00000001,0x0004002b,0x0000000e,0x0000000f,0x00000000,0x00040018,0x00000010,0x00000007,
	0x00000004,0x0005001e,0x00000011,0x00000010,0x00000010,0x00000010,0x00040020,0x00000012,
	0x00000002,0x00000011,0x0004003b,0x00000012,0x00000013,0x00000002,0x00040020,0x00000014,
	0x00000002,0x00000010,0x00040020,0x00000017,0x00000001,0x00000007,0x0004003b,0x00000017,
	0x00000018,0x00000001,0x00040020,0x0000001b,0x00000003,0x00000007,0x00040017,0x0000001d,
	0x00000006,0x00000003,0x00040020,0x0000001e,0x00000003,0x0000001d,0x0004003b,0x0000001e,
	0x0000001f,0x00000003,0x00040020,0x00000020,0x00000001,0x0000001d,0x0004003b,0x00000020,
	0x00000021,0x00000001,0x00040017,0x00000023,0x00000006,0x00000002,0x00040020,0x00000024,
	0x00000003,0x00000023,0x0004003b,0x00000024,0x00000025,0x00000003,0x00040020,0x00000026,
	0x00000001,0x00000023,0x0004003b,0x00000026,0x00000027,0x00000001,0x00050036,0x00000002,
	0x00000004,0x00000000,0x00000003,0x000200f8,0x00000005,0x00050041,0x00000014,0x00000015,
	0x00000013,0x0000000f,0x0004003d,0x00000010,0x00000016,0x00000015,0x0004003d,0x00000007,
	0x00000019,0x00000018,0x00050091,0x00000007,0x0000001a,0x00000016,0x00000019,0x00050041,
	0x0000001b,0x0000001c,0x0000000d,0x0000000f,0x0003003e,0x0000001c,0x0000001a,0x0004003d,
	0x0000001d,0x00000022,0x00000021,0x0003003e,0x0000001f,0x00000022,0x0004003d,0x00000023,
	0x00000028,0x00000027,0x0003003e,0x00000025,0x00000028,0x000100fd,0x00010038
};
static const std::size_t kSceneCubeVertSpvWordCount = sizeof(kSceneCubeVertSpv) / sizeof(kSceneCubeVertSpv[0]);

static const std::uint32_t kSceneCubeFragSpv[] = {
	0x07230203,0x00010000,0x0008000b,0x0000001e,0x00000000,0x00020011,0x00000001,0x0006000b,
	0x00000001,0x4c534c47,0x6474732e,0x3035342e,0x00000000,0x0003000e,0x00000000,0x00000001,
	0x0008000f,0x00000004,0x00000004,0x6e69616d,0x00000000,0x00000009,0x00000011,0x00000016,
	0x00030010,0x00000004,0x00000007,0x00030003,0x00000002,0x000001c2,0x00040005,0x00000004,
	0x6e69616d,0x00000000,0x00050005,0x00000009,0x4374756f,0x726f6c6f,0x00000000,0x00050005,
	0x0000000d,0x65627563,0x74786554,0x00657275,0x00050005,0x00000011,0x78655476,0x726f6f43,
	0x00000064,0x00040005,0x00000016,0x6c6f4376,0x0000726f,0x00040047,0x00000009,0x0000001e,
	0x00000000,0x00040047,0x0000000d,0x00000022,0x00000000,0x00040047,0x0000000d,0x00000021,
	0x00000001,0x00040047,0x00000011,0x0000001e,0x00000001,0x00040047,0x00000016,0x0000001e,
	0x00000000,0x00020013,0x00000002,0x00030021,0x00000003,0x00000002,0x00030016,0x00000006,
	0x00000020,0x00040017,0x00000007,0x00000006,0x00000004,0x00040020,0x00000008,0x00000003,
	0x00000007,0x0004003b,0x00000008,0x00000009,0x00000003,0x00090019,0x0000000a,0x00000006,
	0x00000001,0x00000000,0x00000000,0x00000000,0x00000001,0x00000000,0x0003001b,0x0000000b,
	0x0000000a,0x00040020,0x0000000c,0x00000000,0x0000000b,0x0004003b,0x0000000c,0x0000000d,
	0x00000000,0x00040017,0x0000000f,0x00000006,0x00000002,0x00040020,0x00000010,0x00000001,
	0x0000000f,0x0004003b,0x00000010,0x00000011,0x00000001,0x00040017,0x00000014,0x00000006,
	0x00000003,0x00040020,0x00000015,0x00000001,0x00000014,0x0004003b,0x00000015,0x00000016,
	0x00000001,0x0004002b,0x00000006,0x00000018,0x3f800000,0x00050036,0x00000002,0x00000004,
	0x00000000,0x00000003,0x000200f8,0x00000005,0x0004003d,0x0000000b,0x0000000e,0x0000000d,
	0x0004003d,0x0000000f,0x00000012,0x00000011,0x00050057,0x00000007,0x00000013,0x0000000e,
	0x00000012,0x0004003d,0x00000014,0x00000017,0x00000016,0x00050051,0x00000006,0x00000019,
	0x00000017,0x00000000,0x00050051,0x00000006,0x0000001a,0x00000017,0x00000001,0x00050051,
	0x00000006,0x0000001b,0x00000017,0x00000002,0x00070050,0x00000007,0x0000001c,0x00000019,
	0x0000001a,0x0000001b,0x00000018,0x00050085,0x00000007,0x0000001d,0x00000013,0x0000001c,
	0x0003003e,0x00000009,0x0000001d,0x000100fd,0x00010038
};
static const std::size_t kSceneCubeFragSpvWordCount = sizeof(kSceneCubeFragSpv) / sizeof(kSceneCubeFragSpv[0]);

static const std::uint32_t kSceneSkyboxVertSpv[] = {
	0x07230203,0x00010000,0x0008000b,0x00000054,0x00000000,0x00020011,0x00000001,0x0006000b,
	0x00000001,0x4c534c47,0x6474732e,0x3035342e,0x00000000,0x0003000e,0x00000000,0x00000001,
	0x0008000f,0x00000000,0x00000004,0x6e69616d,0x00000000,0x00000008,0x00000025,0x00000045,
	0x00030003,0x00000002,0x000001c2,0x00040005,0x00000004,0x6e69616d,0x00000000,0x00060005,
	0x00000008,0x565f6c67,0x65747265,0x646e4978,0x00007865,0x00050005,0x00000012,0x69736f70,
	0x6e6f6974,0x00000000,0x00060005,0x00000023,0x505f6c67,0x65567265,0x78657472,0x00000000,
	0x00060006,0x00000023,0x00000000,0x505f6c67,0x7469736f,0x006e6f69,0x00070006,0x00000023,
	0x00000001,0x505f6c67,0x746e696f,0x657a6953,0x00000000,0x00070006,0x00000023,0x00000002,
	0x435f6c67,0x4470696c,0x61747369,0x0065636e,0x00070006,0x00000023,0x00000003,0x435f6c67,
	0x446c6c75,0x61747369,0x0065636e,0x00030005,0x00000025,0x00000000,0x00060005,0x00000030,
	0x656d6163,0x69446172,0x74636572,0x006e6f69,0x00060005,0x00000036,0x6e656353,0x696e5565,
	0x6d726f66,0x00000073,0x00050006,0x00000036,0x00000000,0x65627563,0x0070764d,0x00050006,
	0x00000036,0x00000001,0x4d796b73,0x00007076,0x00060006,0x00000036,0x00000002,0x65646f6d,
	0x70764d6c,0x00000000,0x00060006,0x00000036,0x00000003,0x65646f6d,0x74614d6c,0x00786972,
	0x00070006,0x00000036,0x00000004,0x656d6163,0x6f506172,0x69746973,0x00006e6f,0x00070006,
	0x00000036,0x00000005,0x656d6163,0x6f546172,0x6c726f57,0x00000064,0x00060006,0x00000036,
	0x00000006,0x64616873,0x764d776f,0x00000070,0x00040005,0x00000038,0x6e656373,0x00000065,
	0x00050005,0x00000045,0x72694476,0x69746365,0x00006e6f,0x00040047,0x00000008,0x0000000b,
	0x0000002a,0x00050048,0x00000023,0x00000000,0x0000000b,0x00000000,0x00050048,0x00000023,
	0x00000001,0x0000000b,0x00000001,0x00050048,0x00000023,0x00000002,0x0000000b,0x00000003,
	0x00050048,0x00000023,0x00000003,0x0000000b,0x00000004,0x00030047,0x00000023,0x00000002,
	0x00040048,0x00000036,0x00000000,0x00000005,0x00050048,0x00000036,0x00000000,0x00000023,
	0x00000000,0x00050048,0x00000036,0x00000000,0x00000007,0x00000010,0x00040048,0x00000036,
	0x00000001,0x00000005,0x00050048,0x00000036,0x00000001,0x00000023,0x00000040,0x00050048,
	0x00000036,0x00000001,0x00000007,0x00000010,0x00040048,0x00000036,0x00000002,0x00000005,
	0x00050048,0x00000036,0x00000002,0x00000023,0x00000080,0x00050048,0x00000036,0x00000002,
	0x00000007,0x00000010,0x00040048,0x00000036,0x00000003,0x00000005,0x00050048,0x00000036,
	0x00000003,0x00000023,0x000000c0,0x00050048,0x00000036,0x00000003,0x00000007,0x00000010,
	0x00050048,0x00000036,0x00000004,0x00000023,0x00000100,0x00040048,0x00000036,0x00000005,
	0x00000005,0x00050048,0x00000036,0x00000005,0x00000023,0x00000110,0x00050048,0x00000036,
	0x00000005,0x00000007,0x00000010,0x00040048,0x00000036,0x00000006,0x00000005,0x00050048,
	0x00000036,0x00000006,0x00000023,0x00000150,0x00050048,0x00000036,0x00000006,0x00000007,
	0x00000010,0x00030047,0x00000036,0x00000002,0x00040047,0x00000038,0x00000022,0x00000000,
	0x00040047,0x00000038,0x00000021,0x00000000,0x00040047,0x00000045,0x0000001e,0x00000000,
	0x00020013,0x00000002,0x00030021,0x00000003,0x00000002,0x00040015,0x00000006,0x00000020,
	0x00000001,0x00040020,0x00000007,0x00000001,0x00000006,0x0004003b,0x00000007,0x00000008,
	0x00000001,0x0004002b,0x00000006,0x0000000a,0x00000000,0x00020014,0x0000000b,0x00030016,
	0x0000000f,0x00000020,0x00040017,0x00000010,0x0000000f,0x00000002,0x00040020,0x00000011,
	0x00000007,0x00000010,0x0004002b,0x0000000f,0x00000013,0xbf800000,0x0005002c,0x00000010,
	0x00000014,0x00000013,0x00000013,0x0004002b,0x00000006,0x00000017,0x00000001,0x0004002b,
	0x0000000f,0x0000001b,0x40400000,0x0005002c,0x00000010,0x0000001c,0x0000001b,0x00000013,
	0x0005002c,0x00000010,0x0000001e,0x00000013,0x0000001b,0x00040017,0x0000001f,0x0000000f,
	0x00000004,0x00040015,0x00000020,0x00000020,0x00000000,0x0004002b,0x00000020,0x00000021,
	0x00000001,0x0004001c,0x00000022,0x0000000f,0x00000021,0x0006001e,0x00000023,0x0000001f,
	0x0000000f,0x00000022,0x00000022,0x00040020,0x00000024,0x00000003,0x00000023,0x0004003b,
	0x00000024,0x00000025,0x00000003,0x0004002b,0x0000000f,0x00000027,0x00000000,0x0004002b,
	0x0000000f,0x00000028,0x3f800000,0x00040020,0x0000002c,0x00000003,0x0000001f,0x00040017,
	0x0000002e,0x0000000f,0x00000003,0x00040020,0x0000002f,0x00000007,0x0000002e,0x0004002b,
	0x00000020,0x00000031,0x00000000,0x00040020,0x00000032,0x00000007,0x0000000f,0x00040018,
	0x00000035,0x0000001f,0x00000004,0x0009001e,0x00000036,0x00000035,0x00000035,0x00000035,
	0x00000035,0x0000001f,0x00000035,0x00000035,0x00040020,0x00000037,0x00000002,0x00000036,
	0x0004003b,0x00000037,0x00000038,0x00000002,0x00040020,0x00000039,0x00000002,0x0000000f,
	0x00040020,0x00000044,0x00000003,0x0000002e,0x0004003b,0x00000044,0x00000045,0x00000003,
	0x0004002b,0x00000006,0x00000046,0x00000005,0x00040020,0x00000047,0x00000002,0x00000035,
	0x00040018,0x0000004a,0x0000002e,0x00000003,0x00050036,0x00000002,0x00000004,0x00000000,
	0x00000003,0x000200f8,0x00000005,0x0004003b,0x00000011,0x00000012,0x00000007,0x0004003b,
	0x0000002f,0x00000030,0x00000007,0x0004003d,0x00000006,0x00000009,0x00000008,0x000500aa,
	0x0000000b,0x0000000c,0x00000009,0x0000000a,0x000300f7,0x0000000e,0x00000000,0x000400fa,
	0x0000000c,0x0000000d,0x00000015,0x000200f8,0x0000000d,0x0003003e,0x00000012,0x00000014,
	0x000200f9,0x0000000e,0x000200f8,0x00000015,0x0004003d,0x00000006,0x00000016,0x00000008,
	0x000500aa,0x0000000b,0x00000018,0x00000016,0x00000017,0x000300f7,0x0000001a,0x00000000,
	0x000400fa,0x00000018,0x00000019,0x0000001d,0x000200f8,0x00000019,0x0003003e,0x00000012,
	0x0000001c,0x000200f9,0x0000001a,0x000200f8,0x0000001d,0x0003003e,0x00000012,0x0000001e,
	0x000200f9,0x0000001a,0x000200f8,0x0000001a,0x000200f9,0x0000000e,0x000200f8,0x0000000e,
	0x0004003d,0x00000010,0x00000026,0x00000012,0x00050051,0x0000000f,0x00000029,0x00000026,
	0x00000000,0x00050051,0x0000000f,0x0000002a,0x00000026,0x00000001,0x00070050,0x0000001f,
	0x0000002b,0x00000029,0x0000002a,0x00000027,0x00000028,0x00050041,0x0000002c,0x0000002d,
	0x00000025,0x0000000a,0x0003003e,0x0000002d,0x0000002b,0x00050041,0x00000032,0x00000033,
	0x00000012,0x00000031,0x0004003d,0x0000000f,0x00000034,0x00000033,0x00070041,0x00000039,
	0x0000003a,0x00000038,0x00000017,0x0000000a,0x00000031,0x0004003d,0x0000000f,0x0000003b,
	0x0000003a,0x00050088,0x0000000f,0x0000003c,0x00000034,0x0000003b,0x00050041,0x00000032,
	0x0000003d,0x00000012,0x00000021,0x0004003d,0x0000000f,0x0000003e,0x0000003d,0x00070041,
	0x00000039,0x0000003f,0x00000038,0x00000017,0x00000017,0x00000021,0x0004003d,0x0000000f,
	0x00000040,0x0000003f,0x00050088,0x0000000f,0x00000041,0x0000003e,0x00000040,0x00060050,
	0x0000002e,0x00000042,0x0000003c,0x00000041,0x00000013,0x0006000c,0x0000002e,0x00000043,
	0x00000001,0x00000045,0x00000042,0x0003003e,0x00000030,0x00000043,0x00050041,0x00000047,
	0x00000048,0x00000038,0x00000046,0x0004003d,0x00000035,0x00000049,0x00000048,0x00050051,
	0x0000001f,0x0000004b,0x00000049,0x00000000,0x0008004f,0x0000002e,0x0000004c,0x0000004b,
	0x0000004b,0x00000000,0x00000001,0x00000002,0x00050051,0x0000001f,0x0000004d,0x00000049,
	0x00000001,0x0008004f,0x0000002e,0x0000004e,0x0000004d,0x0000004d,0x00000000,0x00000001,
	0x00000002,0x00050051,0x0000001f,0x0000004f,0x00000049,0x00000002,0x0008004f,0x0000002e,
	0x00000050,0x0000004f,0x0000004f,0x00000000,0x00000001,0x00000002,0x00060050,0x0000004a,
	0x00000051,0x0000004c,0x0000004e,0x00000050,0x0004003d,0x0000002e,0x00000052,0x00000030,
	0x00050091,0x0000002e,0x00000053,0x00000051,0x00000052,0x0003003e,0x00000045,0x00000053,
	0x000100fd,0x00010038
};
static const std::size_t kSceneSkyboxVertSpvWordCount = sizeof(kSceneSkyboxVertSpv) / sizeof(kSceneSkyboxVertSpv[0]);

static const std::uint32_t kSceneSkyboxFragSpv[] = {
	0x07230203,0x00010000,0x0008000b,0x0000001e,0x00000000,0x00020011,0x00000001,0x0006000b,
	0x00000001,0x4c534c47,0x6474732e,0x3035342e,0x00000000,0x0003000e,0x00000000,0x00000001,
	0x0007000f,0x00000004,0x00000004,0x6e69616d,0x00000000,0x00000009,0x00000011,0x00030010,
	0x00000004,0x00000007,0x00030003,0x00000002,0x000001c2,0x00040005,0x00000004,0x6e69616d,
	0x00000000,0x00050005,0x00000009,0x4374756f,0x726f6c6f,0x00000000,0x00060005,0x0000000d,
	0x62796b73,0x6554786f,0x72757478,0x00000065,0x00050005,0x00000011,0x72694476,0x69746365,
	0x00006e6f,0x00040047,0x00000009,0x0000001e,0x00000000,0x00040047,0x0000000d,0x00000022,
	0x00000000,0x00040047,0x0000000d,0x00000021,0x00000002,0x00040047,0x00000011,0x0000001e,
	0x00000000,0x00020013,0x00000002,0x00030021,0x00000003,0x00000002,0x00030016,0x00000006,
	0x00000020,0x00040017,0x00000007,0x00000006,0x00000004,0x00040020,0x00000008,0x00000003,
	0x00000007,0x0004003b,0x00000008,0x00000009,0x00000003,0x00090019,0x0000000a,0x00000006,
	0x00000003,0x00000000,0x00000000,0x00000000,0x00000001,0x00000000,0x0003001b,0x0000000b,
	0x0000000a,0x00040020,0x0000000c,0x00000000,0x0000000b,0x0004003b,0x0000000c,0x0000000d,
	0x00000000,0x00040017,0x0000000f,0x00000006,0x00000003,0x00040020,0x00000010,0x00000001,
	0x0000000f,0x0004003b,0x00000010,0x00000011,0x00000001,0x0004002b,0x00000006,0x00000016,
	0x400ccccd,0x0006002c,0x0000000f,0x00000017,0x00000016,0x00000016,0x00000016,0x0004002b,
	0x00000006,0x00000019,0x3f800000,0x00050036,0x00000002,0x00000004,0x00000000,0x00000003,
	0x000200f8,0x00000005,0x0004003d,0x0000000b,0x0000000e,0x0000000d,0x0004003d,0x0000000f,
	0x00000012,0x00000011,0x0006000c,0x0000000f,0x00000013,0x00000001,0x00000045,0x00000012,
	0x00050057,0x00000007,0x00000014,0x0000000e,0x00000013,0x0008004f,0x0000000f,0x00000015,
	0x00000014,0x00000014,0x00000000,0x00000001,0x00000002,0x0007000c,0x0000000f,0x00000018,
	0x00000001,0x0000001a,0x00000015,0x00000017,0x00050051,0x00000006,0x0000001a,0x00000018,
	0x00000000,0x00050051,0x00000006,0x0000001b,0x00000018,0x00000001,0x00050051,0x00000006,
	0x0000001c,0x00000018,0x00000002,0x00070050,0x00000007,0x0000001d,0x0000001a,0x0000001b,
	0x0000001c,0x00000019,0x0003003e,0x00000009,0x0000001d,0x000100fd,0x00010038
};
static const std::size_t kSceneSkyboxFragSpvWordCount = sizeof(kSceneSkyboxFragSpv) / sizeof(kSceneSkyboxFragSpv[0]);

static const std::uint32_t kSceneIblVertSpv[] = {
	0x07230203,0x00010000,0x0008000b,0x00000077,0x00000000,0x00020011,0x00000001,0x0006000b,
	0x00000001,0x4c534c47,0x6474732e,0x3035342e,0x00000000,0x0003000e,0x00000000,0x00000001,
	0x0008000f,0x00000000,0x00000004,0x6e69616d,0x00000000,0x00000008,0x00000025,0x00000041,
	0x00030003,0x00000002,0x000001c2,0x00040005,0x00000004,0x6e69616d,0x00000000,0x00060005,
	0x00000008,0x565f6c67,0x65747265,0x646e4978,0x00007865,0x00050005,0x00000012,0x69736f70,
	0x6e6f6974,0x00000000,0x00060005,0x00000023,0x505f6c67,0x65567265,0x78657472,0x00000000,
	0x00060006,0x00000023,0x00000000,0x505f6c67,0x7469736f,0x006e6f69,0x00070006,0x00000023,
	0x00000001,0x505f6c67,0x746e696f,0x657a6953,0x00000000,0x00070006,0x00000023,0x00000002,
	0x435f6c67,0x4470696c,0x61747369,0x0065636e,0x00070006,0x00000023,0x00000003,0x435f6c67,
	0x446c6c75,0x61747369,0x0065636e,0x00030005,0x00000025,0x00000000,0x00030005,0x0000002f,
	0x00000075,0x00030005,0x00000033,0x00000076,0x00070005,0x00000036,0x506c6249,0x43687375,
	0x74736e6f,0x73746e61,0x00000000,0x00060006,0x00000036,0x00000000,0x65627563,0x65636146,
	0x00000000,0x00060006,0x00000036,0x00000001,0x67756f72,0x73656e68,0x00000073,0x00030005,
	0x00000038,0x006c6269,0x00050005,0x00000041,0x72694476,0x69746365,0x00006e6f,0x00040047,
	0x00000008,0x0000000b,0x0000002a,0x00050048,0x00000023,0x00000000,0x0000000b,0x00000000,
	0x00050048,0x00000023,0x00000001,0x0000000b,0x00000001,0x00050048,0x00000023,0x00000002,
	0x0000000b,0x00000003,0x00050048,0x00000023,0x00000003,0x0000000b,0x00000004,0x00030047,
	0x00000023,0x00000002,0x00050048,0x00000036,0x00000000,0x00000023,0x00000000,0x00050048,
	0x00000036,0x00000001,0x00000023,0x00000004,0x00030047,0x00000036,0x00000002,0x00040047,
	0x00000041,0x0000001e,0x00000000,0x00020013,0x00000002,0x00030021,0x00000003,0x00000002,
	0x00040015,0x00000006,0x00000020,0x00000001,0x00040020,0x00000007,0x00000001,0x00000006,
	0x0004003b,0x00000007,0x00000008,0x00000001,0x0004002b,0x00000006,0x0000000a,0x00000000,
	0x00020014,0x0000000b,0x00030016,0x0000000f,0x00000020,0x00040017,0x00000010,0x0000000f,
	0x00000002,0x00040020,0x00000011,0x00000007,0x00000010,0x0004002b,0x0000000f,0x00000013,
	0xbf800000,0x0005002c,0x00000010,0x00000014,0x00000013,0x00000013,0x0004002b,0x00000006,
	0x00000017,0x00000001,0x0004002b,0x0000000f,0x0000001b,0x40400000,0x0005002c,0x00000010,
	0x0000001c,0x0000001b,0x00000013,0x0005002c,0x00000010,0x0000001e,0x00000013,0x0000001b,
	0x00040017,0x0000001f,0x0000000f,0x00000004,0x00040015,0x00000020,0x00000020,0x00000000,
	0x0004002b,0x00000020,0x00000021,0x00000001,0x0004001c,0x00000022,0x0000000f,0x00000021,
	0x0006001e,0x00000023,0x0000001f,0x0000000f,0x00000022,0x00000022,0x00040020,0x00000024,
	0x00000003,0x00000023,0x0004003b,0x00000024,0x00000025,0x00000003,0x0004002b,0x0000000f,
	0x00000027,0x00000000,0x0004002b,0x0000000f,0x00000028,0x3f800000,0x00040020,0x0000002c,
	0x00000003,0x0000001f,0x00040020,0x0000002e,0x00000007,0x0000000f,0x0004002b,0x00000020,
	0x00000030,0x00000000,0x0004001e,0x00000036,0x00000006,0x0000000f,0x00040020,0x00000037,
	0x00000009,0x00000036,0x0004003b,0x00000037,0x00000038,0x00000009,0x00040020,0x00000039,
	0x00000009,0x00000006,0x00040017,0x0000003f,0x0000000f,0x00000003,0x00040020,0x00000040,
	0x00000003,0x0000003f,0x0004003b,0x00000040,0x00000041,0x00000003,0x0004002b,0x00000006,
	0x00000054,0x00000002,0x0004002b,0x00000006,0x0000005e,0x00000003,0x0004002b,0x00000006,
	0x00000069,0x00000004,0x00050036,0x00000002,0x00000004,0x00000000,0x00000003,0x000200f8,
	0x00000005,0x0004003b,0x00000011,0x00000012,0x00000007,0x0004003b,0x0000002e,0x0000002f,
	0x00000007,0x0004003b,0x0000002e,0x00000033,0x00000007,0x0004003d,0x00000006,0x00000009,
	0x00000008,0x000500aa,0x0000000b,0x0000000c,0x00000009,0x0000000a,0x000300f7,0x0000000e,
	0x00000000,0x000400fa,0x0000000c,0x0000000d,0x00000015,0x000200f8,0x0000000d,0x0003003e,
	0x00000012,0x00000014,0x000200f9,0x0000000e,0x000200f8,0x00000015,0x0004003d,0x00000006,
	0x00000016,0x00000008,0x000500aa,0x0000000b,0x00000018,0x00000016,0x00000017,0x000300f7,
	0x0000001a,0x00000000,0x000400fa,0x00000018,0x00000019,0x0000001d,0x000200f8,0x00000019,
	0x0003003e,0x00000012,0x0000001c,0x000200f9,0x0000001a,0x000200f8,0x0000001d,0x0003003e,
	0x00000012,0x0000001e,0x000200f9,0x0000001a,0x000200f8,0x0000001a,0x000200f9,0x0000000e,
	0x000200f8,0x0000000e,0x0004003d,0x00000010,0x00000026,0x00000012,0x00050051,0x0000000f,
	0x00000029,0x00000026,0x00000000,0x00050051,0x0000000f,0x0000002a,0x00000026,0x00000001,
	0x00070050,0x0000001f,0x0000002b,0x00000029,0x0000002a,0x00000027,0x00000028,0x00050041,
	0x0000002c,0x0000002d,0x00000025,0x0000000a,0x0003003e,0x0000002d,0x0000002b,0x00050041,
	0x0000002e,0x00000031,0x00000012,0x00000030,0x0004003d,0x0000000f,0x00000032,0x00000031,
	0x0003003e,0x0000002f,0x00000032,0x00050041,0x0000002e,0x00000034,0x00000012,0x00000021,
	0x0004003d,0x0000000f,0x00000035,0x00000034,0x0003003e,0x00000033,0x00000035,0x00050041,
	0x00000039,0x0000003a,0x00000038,0x0000000a,0x0004003d,0x00000006,0x0000003b,0x0000003a,
	0x000500aa,0x0000000b,0x0000003c,0x0000003b,0x0000000a,0x000300f7,0x0000003e,0x00000000,
	0x000400fa,0x0000003c,0x0000003d,0x00000047,0x000200f8,0x0000003d,0x0004003d,0x0000000f,
	0x00000042,0x00000033,0x0004007f,0x0000000f,0x00000043,0x00000042,0x0004003d,0x0000000f,
	0x00000044,0x0000002f,0x0004007f,0x0000000f,0x00000045,0x00000044,0x00060050,0x0000003f,
	0x00000046,0x00000028,0x00000043,0x00000045,0x0003003e,0x00000041,0x00000046,0x000200f9,
	0x0000003e,0x000200f8,0x00000047,0x00050041,0x00000039,0x00000048,0x00000038,0x0000000a,
	0x0004003d,0x00000006,0x00000049,0x00000048,0x000500aa,0x0000000b,0x0000004a,0x00000049,
	0x00000017,0x000300f7,0x0000004c,0x00000000,0x000400fa,0x0000004a,0x0000004b,0x00000051,
	0x000200f8,0x0000004b,0x0004003d,0x0000000f,0x0000004d,0x00000033,0x0004007f,0x0000000f,
	0x0000004e,0x0000004d,0x0004003d,0x0000000f,0x0000004f,0x0000002f,0x00060050,0x0000003f,
	0x00000050,0x00000013,0x0000004e,0x0000004f,0x0003003e,0x00000041,0x00000050,0x000200f9,
	0x0000004c,0x000200f8,0x00000051,0x00050041,0x00000039,0x00000052,0x00000038,0x0000000a,
	0x0004003d,0x00000006,0x00000053,0x00000052,0x000500aa,0x0000000b,0x00000055,0x00000053,
	0x00000054,0x000300f7,0x00000057,0x00000000,0x000400fa,0x00000055,0x00000056,0x0000005b,
	0x000200f8,0x00000056,0x0004003d,0x0000000f,0x00000058,0x0000002f,0x0004003d,0x0000000f,
	0x00000059,0x00000033,0x00060050,0x0000003f,0x0000005a,0x00000058,0x00000028,0x00000059,
	0x0003003e,0x00000041,0x0000005a,0x000200f9,0x00000057,0x000200f8,0x0000005b,0x00050041,
	0x00000039,0x0000005c,0x00000038,0x0000000a,0x0004003d,0x00000006,0x0000005d,0x0000005c,
	0x000500aa,0x0000000b,0x0000005f,0x0000005d,0x0000005e,0x000300f7,0x00000061,0x00000000,
	0x000400fa,0x0000005f,0x00000060,0x00000066,0x000200f8,0x00000060,0x0004003d,0x0000000f,
	0x00000062,0x0000002f,0x0004003d,0x0000000f,0x00000063,0x00000033,0x0004007f,0x0000000f,
	0x00000064,0x00000063,0x00060050,0x0000003f,0x00000065,0x00000062,0x00000013,0x00000064,
	0x0003003e,0x00000041,0x00000065,0x000200f9,0x00000061,0x000200f8,0x00000066,0x00050041,
	0x00000039,0x00000067,0x00000038,0x0000000a,0x0004003d,0x00000006,0x00000068,0x00000067,
	0x000500aa,0x0000000b,0x0000006a,0x00000068,0x00000069,0x000300f7,0x0000006c,0x00000000,
	0x000400fa,0x0000006a,0x0000006b,0x00000071,0x000200f8,0x0000006b,0x0004003d,0x0000000f,
	0x0000006d,0x0000002f,0x0004003d,0x0000000f,0x0000006e,0x00000033,0x0004007f,0x0000000f,
	0x0000006f,0x0000006e,0x00060050,0x0000003f,0x00000070,0x0000006d,0x0000006f,0x00000028,
	0x0003003e,0x00000041,0x00000070,0x000200f9,0x0000006c,0x000200f8,0x00000071,0x0004003d,
	0x0000000f,0x00000072,0x0000002f,0x0004007f,0x0000000f,0x00000073,0x00000072,0x0004003d,
	0x0000000f,0x00000074,0x00000033,0x0004007f,0x0000000f,0x00000075,0x00000074,0x00060050,
	0x0000003f,0x00000076,0x00000073,0x00000075,0x00000013,0x0003003e,0x00000041,0x00000076,
	0x000200f9,0x0000006c,0x000200f8,0x0000006c,0x000200f9,0x00000061,0x000200f8,0x00000061,
	0x000200f9,0x00000057,0x000200f8,0x00000057,0x000200f9,0x0000004c,0x000200f8,0x0000004c,
	0x000200f9,0x0000003e,0x000200f8,0x0000003e,0x000100fd,0x00010038
};
static const std::size_t kSceneIblVertSpvWordCount = sizeof(kSceneIblVertSpv) / sizeof(kSceneIblVertSpv[0]);

static const std::uint32_t kSceneIblIrradianceFragSpv[] = {
	0x07230203,0x00010000,0x0008000b,0x00000086,0x00000000,0x00020011,0x00000001,0x0006000b,
	0x00000001,0x4c534c47,0x6474732e,0x3035342e,0x00000000,0x0003000e,0x00000000,0x00000001,
	0x0007000f,0x00000004,0x00000004,0x6e69616d,0x00000000,0x0000000b,0x00000080,0x00030010,
	0x00000004,0x00000007,0x00030003,0x00000002,0x000001c2,0x00040005,0x00000004,0x6e69616d,
	0x00000000,0x00030005,0x00000009,0x0000004e,0x00050005,0x0000000b,0x72694476,0x69746365,
	0x00006e6f,0x00050005,0x0000000e,0x61727269,0x6e616964,0x00006563,0x00030005,0x00000011,
	0x00007075,0x00040005,0x00000021,0x68676972,0x00000074,0x00050005,0x00000029,0x706d6173,
	0x6544656c,0x0061746c,0x00050005,0x0000002b,0x706d6173,0x6f43656c,0x00746e75,0x00030005,
	0x0000002c,0x00696870,0x00040005,0x00000035,0x74656874,0x00000061,0x00060005,0x0000003e,
	0x676e6174,0x53746e65,0x6c706d61,0x00000065,0x00050005,0x0000004c,0x706d6173,0x6556656c,
	0x00000063,0x00060005,0x00000060,0x62796b73,0x6554786f,0x72757478,0x00000065,0x00050005,
	0x00000080,0x4374756f,0x726f6c6f,0x00000000,0x00040047,0x0000000b,0x0000001e,0x00000000,
	0x00040047,0x00000060,0x00000022,0x00000000,0x00040047,0x00000060,0x00000021,0x00000000,
	0x00040047,0x00000080,0x0000001e,0x00000000,0x00020013,0x00000002,0x00030021,0x00000003,
	0x00000002,0x00030016,0x00000006,0x00000020,0x00040017,0x00000007,0x00000006,0x00000003,
	0x00040020,0x00000008,0x00000007,0x00000007,0x00040020,0x0000000a,0x00000001,0x00000007,
	0x0004003b,0x0000000a,0x0000000b,0x00000001,0x0004002b,0x00000006,0x0000000f,0x00000000,
	0x0006002c,0x00000007,0x00000010,0x0000000f,0x0000000f,0x0000000f,0x00040015,0x00000012,
	0x00000020,0x00000000,0x0004002b,0x00000012,0x00000013,0x00000001,0x00040020,0x00000014,
	0x00000007,0x00000006,0x0004002b,0x00000006,0x00000018,0x3f7fbe77,0x00020014,0x00000019,
	0x0004002b,0x00000006,0x0000001b,0x3f800000,0x0006002c,0x00000007,0x0000001c,0x0000000f,
	0x0000001b,0x0000000f,0x0006002c,0x00000007,0x0000001d,0x0000001b,0x0000000f,0x0000000f,
	0x00040017,0x0000001e,0x00000019,0x00000003,0x0004002b,0x00000006,0x0000002a,0x3d4ccccd,
	0x0004002b,0x00000006,0x00000033,0x40c90fdb,0x0004002b,0x00000006,0x0000003c,0x3fc90fdb,
	0x0004002b,0x00000012,0x0000004d,0x00000000,0x0004002b,0x00000012,0x00000057,0x00000002,
	0x00090019,0x0000005d,0x00000006,0x00000003,0x00000000,0x00000000,0x00000000,0x00000001,
	0x00000000,0x0003001b,0x0000005e,0x0000005d,0x00040020,0x0000005f,0x00000000,0x0000005e,
	0x0004003b,0x0000005f,0x00000060,0x00000000,0x00040017,0x00000063,0x00000006,0x00000004,
	0x0004002b,0x00000006,0x00000066,0x400ccccd,0x0006002c,0x00000007,0x00000067,0x00000066,
	0x00000066,0x00000066,0x0004002b,0x00000006,0x00000079,0x40490fdb,0x00040020,0x0000007f,
	0x00000003,0x00000063,0x0004003b,0x0000007f,0x00000080,0x00000003,0x00050036,0x00000002,
	0x00000004,0x00000000,0x00000003,0x000200f8,0x00000005,0x0004003b,0x00000008,0x00000009,
	0x00000007,0x0004003b,0x00000008,0x0000000e,0x00000007,0x0004003b,0x00000008,0x00000011,
	0x00000007,0x0004003b,0x00000008,0x00000021,0x00000007,0x0004003b,0x00000014,0x00000029,
	0x00000007,0x0004003b,0x00000014,0x0000002b,0x00000007,0x0004003b,0x00000014,0x0000002c,
	0x00000007,0x0004003b,0x00000014,0x00000035,0x00000007,0x0004003b,0x00000008,0x0000003e,
	0x00000007,0x0004003b,0x00000008,0x0000004c,0x00000007,0x0004003d,0x00000007,0x0000000c,
	0x0000000b,0x0006000c,0x00000007,0x0000000d,0x00000001,0x00000045,0x0000000c,0x0003003e,
	0x00000009,0x0000000d,0x0003003e,0x0000000e,0x00000010,0x00050041,0x00000014,0x00000015,
	0x00000009,0x00000013,0x0004003d,0x00000006,0x00000016,0x00000015,0x0006000c,0x00000006,
	0x00000017,0x00000001,0x00000004,0x00000016,0x000500b8,0x00000019,0x0000001a,0x00000017,
	0x00000018,0x00060050,0x0000001e,0x0000001f,0x0000001a,0x0000001a,0x0000001a,0x000600a9,
	0x00000007,0x00000020,0x0000001f,0x0000001c,0x0000001d,0x0003003e,0x00000011,0x00000020,
	0x0004003d,0x00000007,0x00000022,0x00000011,0x0004003d,0x00000007,0x00000023,0x00000009,
	0x0007000c,0x00000007,0x00000024,0x00000001,0x00000044,0x00000022,0x00000023,0x0006000c,
	0x00000007,0x00000025,0x00000001,0x00000045,0x00000024,0x0003003e,0x00000021,0x00000025,
	0x0004003d,0x00000007,0x00000026,0x00000009,0x0004003d,0x00000007,0x00000027,0x00000021,
	0x0007000c,0x00000007,0x00000028,0x00000001,0x00000044,0x00000026,0x00000027,0x0003003e,
	0x00000011,0x00000028,0x0003003e,0x00000029,0x0000002a,0x0003003e,0x0000002b,0x0000000f,
	0x0003003e,0x0000002c,0x0000000f,0x000200f9,0x0000002d,0x000200f8,0x0000002d,0x000400f6,
	0x0000002f,0x00000030,0x00000000,0x000200f9,0x00000031,0x000200f8,0x00000031,0x0004003d,
	0x00000006,0x00000032,0x0000002c,0x000500b8,0x00000019,0x00000034,0x00000032,0x00000033,
	0x000400fa,0x00000034,0x0000002e,0x0000002f,0x000200f8,0x0000002e,0x0003003e,0x00000035,
	0x0000000f,0x000200f9,0x00000036,0x000200f8,0x00000036,0x000400f6,0x00000038,0x00000039,
	0x00000000,0x000200f9,0x0000003a,0x000200f8,0x0000003a,0x0004003d,0x00000006,0x0000003b,
	0x00000035,0x000500b8,0x00000019,0x0000003d,0x0000003b,0x0000003c,0x000400fa,0x0000003d,
	0x00000037,0x00000038,0x000200f8,0x00000037,0x0004003d,0x00000006,0x0000003f,0x00000035,
	0x0006000c,0x00000006,0x00000040,0x00000001,0x0000000d,0x0000003f,0x0004003d,0x00000006,
	0x00000041,0x0000002c,0x0006000c,0x00000006,0x00000042,0x00000001,0x0000000e,0x00000041,
	0x00050085,0x00000006,0x00000043,0x00000040,0x00000042,0x0004003d,0x00000006,0x00000044,
	0x00000035,0x0006000c,0x00000006,0x00000045,0x00000001,0x0000000d,0x00000044,0x0004003d,
	0x00000006,0x00000046,0x0000002c,0x0006000c,0x00000006,0x00000047,0x00000001,0x0000000d,
	0x00000046,0x00050085,0x00000006,0x00000048,0x00000045,0x00000047,0x0004003d,0x00000006,
	0x00000049,0x00000035,0x0006000c,0x00000006,0x0000004a,0x00000001,0x0000000e,0x00000049,
	0x00060050,0x00000007,0x0000004b,0x00000043,0x00000048,0x0000004a,0x0003003e,0x0000003e,
	0x0000004b,0x00050041,0x00000014,0x0000004e,0x0000003e,0x0000004d,0x0004003d,0x00000006,
	0x0000004f,0x0000004e,0x0004003d,0x00000007,0x00000050,0x00000021,0x0005008e,0x00000007,
	0x00000051,0x00000050,0x0000004f,0x00050041,0x00000014,0x00000052,0x0000003e,0x00000013,
	0x0004003d,0x00000006,0x00000053,0x00000052,0x0004003d,0x00000007,0x00000054,0x00000011,
	0x0005008e,0x00000007,0x00000055,0x00000054,0x00000053,0x00050081,0x00000007,0x00000056,
	0x00000051,0x00000055,0x00050041,0x00000014,0x00000058,0x0000003e,0x00000057,0x0004003d,
	0x00000006,0x00000059,0x00000058,0x0004003d,0x00000007,0x0000005a,0x00000009,0x0005008e,
	0x00000007,0x0000005b,0x0000005a,0x00000059,0x00050081,0x00000007,0x0000005c,0x00000056,
	0x0000005b,0x0003003e,0x0000004c,0x0000005c,0x0004003d,0x0000005e,0x00000061,0x00000060,
	0x0004003d,0x00000007,0x00000062,0x0000004c,0x00050057,0x00000063,0x00000064,0x00000061,
	0x00000062,0x0008004f,0x00000007,0x00000065,0x00000064,0x00000064,0x00000000,0x00000001,
	0x00000002,0x0007000c,0x00000007,0x00000068,0x00000001,0x0000001a,0x00000065,0x00000067,
	0x0004003d,0x00000006,0x00000069,0x00000035,0x0006000c,0x00000006,0x0000006a,0x00000001,
	0x0000000e,0x00000069,0x0005008e,0x00000007,0x0000006b,0x00000068,0x0000006a,0x0004003d,
	0x00000006,0x0000006c,0x00000035,0x0006000c,0x00000006,0x0000006d,0x00000001,0x0000000d,
	0x0000006c,0x0005008e,0x00000007,0x0000006e,0x0000006b,0x0000006d,0x0004003d,0x00000007,
	0x0000006f,0x0000000e,0x00050081,0x00000007,0x00000070,0x0000006f,0x0000006e,0x0003003e,
	0x0000000e,0x00000070,0x0004003d,0x00000006,0x00000071,0x0000002b,0x00050081,0x00000006,
	0x00000072,0x00000071,0x0000001b,0x0003003e,0x0000002b,0x00000072,0x000200f9,0x00000039,
	0x000200f8,0x00000039,0x0004003d,0x00000006,0x00000073,0x00000029,0x0004003d,0x00000006,
	0x00000074,0x00000035,0x00050081,0x00000006,0x00000075,0x00000074,0x00000073,0x0003003e,
	0x00000035,0x00000075,0x000200f9,0x00000036,0x000200f8,0x00000038,0x000200f9,0x00000030,
	0x000200f8,0x00000030,0x0004003d,0x00000006,0x00000076,0x00000029,0x0004003d,0x00000006,
	0x00000077,0x0000002c,0x00050081,0x00000006,0x00000078,0x00000077,0x00000076,0x0003003e,
	0x0000002c,0x00000078,0x000200f9,0x0000002d,0x000200f8,0x0000002f,0x0004003d,0x00000007,
	0x0000007a,0x0000000e,0x0005008e,0x00000007,0x0000007b,0x0000007a,0x00000079,0x0004003d,
	0x00000006,0x0000007c,0x0000002b,0x00050088,0x00000006,0x0000007d,0x0000001b,0x0000007c,
	0x0005008e,0x00000007,0x0000007e,0x0000007b,0x0000007d,0x0003003e,0x0000000e,0x0000007e,
	0x0004003d,0x00000007,0x00000081,0x0000000e,0x00050051,0x00000006,0x00000082,0x00000081,
	0x00000000,0x00050051,0x00000006,0x00000083,0x00000081,0x00000001,0x00050051,0x00000006,
	0x00000084,0x00000081,0x00000002,0x00070050,0x00000063,0x00000085,0x00000082,0x00000083,
	0x00000084,0x0000001b,0x0003003e,0x00000080,0x00000085,0x000100fd,0x00010038
};
static const std::size_t kSceneIblIrradianceFragSpvWordCount = sizeof(kSceneIblIrradianceFragSpv) / sizeof(kSceneIblIrradianceFragSpv[0]);

static const std::uint32_t kSceneIblPrefilterFragSpv[] = {
	0x07230203,0x00010000,0x0008000b,0x0000010a,0x00000000,0x00020011,0x00000001,0x0006000b,
	0x00000001,0x4c534c47,0x6474732e,0x3035342e,0x00000000,0x0003000e,0x00000000,0x00000001,
	0x0007000f,0x00000004,0x00000004,0x6e69616d,0x00000000,0x000000af,0x000000fe,0x00030010,
	0x00000004,0x00000007,0x00030003,0x00000002,0x000001c2,0x00040005,0x00000004,0x6e69616d,
	0x00000000,0x00080005,0x0000000b,0x69646152,0x496c6163,0x7265766e,0x64566573,0x31752843,
	0x0000003b,0x00040005,0x0000000a,0x73746962,0x00000000,0x00070005,0x00000011,0x6d6d6148,
	0x6c737265,0x75287965,0x31753b31,0x0000003b,0x00030005,0x0000000f,0x00000069,0x00030005,
	0x00000010,0x0000006e,0x000a0005,0x0000001b,0x6f706d49,0x6e617472,0x61536563,0x656c706d,
	0x28584747,0x3b326676,0x3b336676,0x003b3166,0x00030005,0x00000018,0x00006978,0x00030005,
	0x00000019,0x0000004e,0x00040005,0x0000001a,0x67756f72,0x00000068,0x00040005,0x00000056,
	0x61726170,0x0000006d,0x00040005,0x0000005c,0x68706c61,0x00000061,0x00030005,0x00000060,
	0x00696870,0x00050005,0x00000066,0x54736f63,0x61746568,0x00000000,0x00050005,0x00000075,
	0x546e6973,0x61746568,0x00000000,0x00030005,0x0000007b,0x00000048,0x00030005,0x00000086,
	0x00007075,0x00040005,0x00000093,0x676e6174,0x00746e65,0x00050005,0x00000098,0x61746962,
	0x6e65676e,0x00000074,0x00030005,0x000000ad,0x0000004e,0x00050005,0x000000af,0x72694476,
	0x69746365,0x00006e6f,0x00030005,0x000000b2,0x00000056,0x00040005,0x000000b4,0x6f6c6f63,
	0x00000072,0x00040005,0x000000b6,0x67696577,0x00007468,0x00030005,0x000000b7,0x00000069,
	0x00030005,0x000000c0,0x00006978,0x00040005,0x000000c1,0x61726170,0x0000006d,0x00040005,
	0x000000c3,0x61726170,0x0000006d,0x00030005,0x000000c5,0x00000048,0x00070005,0x000000c7,
	0x506c6249,0x43687375,0x74736e6f,0x73746e61,0x00000000,0x00060006,0x000000c7,0x00000000,
	0x65627563,0x65636146,0x00000000,0x00060006,0x000000c7,0x00000001,0x67756f72,0x73656e68,
	0x00000073,0x00030005,0x000000c9,0x006c6269,0x00040005,0x000000cb,0x61726170,0x0000006d,
	0x00040005,0x000000cd,0x61726170,0x0000006d,0x00040005,0x000000cf,0x61726170,0x0000006d,
	0x00030005,0x000000d4,0x0000004c,0x00030005,0x000000df,0x004c6f4e,0x00060005,0x000000eb,
	0x62796b73,0x6554786f,0x72757478,0x00000065,0x00050005,0x000000fe,0x4374756f,0x726f6c6f,
	0x00000000,0x00040047,0x000000af,0x0000001e,0x00000000,0x00050048,0x000000c7,0x00000000,
	0x00000023,0x00000000,0x00050048,0x000000c7,0x00000001,0x00000023,0x00000004,0x00030047,
	0x000000c7,0x00000002,0x00040047,0x000000eb,0x00000022,0x00000000,0x00040047,0x000000eb,
	0x00000021,0x00000000,0x00040047,0x000000fe,0x0000001e,0x00000000,0x00020013,0x00000002,
	0x00030021,0x00000003,0x00000002,0x00040015,0x00000006,0x00000020,0x00000000,0x00040020,
	0x00000007,0x00000007,0x00000006,0x00030016,0x00000008,0x00000020,0x00040021,0x00000009,
	0x00000008,0x00000007,0x00040017,0x0000000d,0x00000008,0x00000002,0x00050021,0x0000000e,
	0x0000000d,0x00000007,0x00000007,0x00040020,0x00000013,0x00000007,0x0000000d,0x00040017,
	0x00000014,0x00000008,0x00000003,0x00040020,0x00000015,0x00000007,0x00000014,0x00040020,
	0x00000016,0x00000007,0x00000008,0x00060021,0x00000017,0x00000014,0x00000013,0x00000015,
	0x00000016,0x0004002b,0x00000006,0x0000001e,0x00000010,0x0004002b,0x00000006,0x00000024,
	0x55555555,0x0004002b,0x00000006,0x00000026,0x00000001,0x0004002b,0x00000006,0x00000029,
	0xaaaaaaaa,0x0004002b,0x00000006,0x0000002e,0x33333333,0x0004002b,0x00000006,0x00000030,
	0x00000002,0x0004002b,0x00000006,0x00000033,0xcccccccc,0x0004002b,0x00000006,0x00000038,
	0x0f0f0f0f,0x0004002b,0x00000006,0x0000003a,0x00000004,0x0004002b,0x00000006,0x0000003d,
	0xf0f0f0f0,0x0004002b,0x00000006,0x00000042,0x00ff00ff,0x0004002b,0x00000006,0x00000044,
	0x00000008,0x0004002b,0x00000006,0x00000047,0xff00ff00,0x0004002b,0x00000008,0x0000004d,
	0x2f800000,0x0004002b,0x00000008,0x00000061,0x40c90fdb,0x0004002b,0x00000006,0x00000062,
	0x00000000,0x0004002b,0x00000008,0x00000067,0x3f800000,0x0004002b,0x00000008,0x0000008a,
	0x3f7fbe77,0x00020014,0x0000008b,0x0004002b,0x00000008,0x0000008d,0x00000000,0x0006002c,
	0x00000014,0x0000008e,0x0000008d,0x0000008d,0x00000067,0x0006002c,0x00000014,0x0000008f,
	0x00000067,0x0000008d,0x0000008d,0x00040017,0x00000090,0x0000008b,0x00000003,0x00040020,
	0x000000ae,0x00000001,0x00000014,0x0004003b,0x000000ae,0x000000af,0x00000001,0x0006002c,
	0x00000014,0x000000b5,0x0000008d,0x0000008d,0x0000008d,0x0004002b,0x00000006,0x000000be,
	0x00000040,0x00040015,0x000000c6,0x00000020,0x00000001,0x0004001e,0x000000c7,0x000000c6,
	0x00000008,0x00040020,0x000000c8,0x00000009,0x000000c7,0x0004003b,0x000000c8,0x000000c9,
	0x00000009,0x0004002b,0x000000c6,0x000000ca,0x00000001,0x00040020,0x000000d0,0x00000009,
	0x00000008,0x0004002b,0x00000008,0x000000d5,0x40000000,0x00090019,0x000000e8,0x00000008,
	0x00000003,0x00000000,0x00000000,0x00000000,0x00000001,0x00000000,0x0003001b,0x000000e9,
	0x000000e8,0x00040020,0x000000ea,0x00000000,0x000000e9,0x0004003b,0x000000ea,0x000000eb,
	0x00000000,0x00040017,0x000000ee,0x00000008,0x00000004,0x0004002b,0x00000008,0x000000f1,
	0x400ccccd,0x0006002c,0x00000014,0x000000f2,0x000000f1,0x000000f1,0x000000f1,0x00040020,
	0x000000fd,0x00000003,0x000000ee,0x0004003b,0x000000fd,0x000000fe,0x00000003,0x0004002b,
	0x00000008,0x00000101,0x38d1b717,0x0004002b,0x00000008,0x00000109,0x40490fdb,0x00050036,
	0x00000002,0x00000004,0x00000000,0x00000003,0x000200f8,0x00000005,0x0004003b,0x00000015,
	0x000000ad,0x00000007,0x0004003b,0x00000015,0x000000b2,0x00000007,0x0004003b,0x00000015,
	0x000000b4,0x00000007,0x0004003b,0x00000016,0x000000b6,0x00000007,0x0004003b,0x00000007,
	0x000000b7,0x00000007,0x0004003b,0x00000013,0x000000c0,0x00000007,0x0004003b,0x00000007,
	0x000000c1,0x00000007,0x0004003b,0x00000007,0x000000c3,0x00000007,0x0004003b,0x00000015,
	0x000000c5,0x00000007,0x0004003b,0x00000013,0x000000cb,0x00000007,0x0004003b,0x00000015,
	0x000000cd,0x00000007,0x0004003b,0x00000016,0x000000cf,0x00000007,0x0004003b,0x00000015,
	0x000000d4,0x00000007,0x0004003b,0x00000016,0x000000df,0x00000007,0x0004003d,0x00000014,
	0x000000b0,0x000000af,0x0006000c,0x00000014,0x000000b1,0x00000001,0x00000045,0x000000b0,
	0x0003003e,0x000000ad,0x000000b1,0x0004003d,0x00000014,0x000000b3,0x000000ad,0x0003003e,
	0x000000b2,0x000000b3,0x0003003e,0x000000b4,0x000000b5,0x0003003e,0x000000b6,0x0000008d,
	0x0003003e,0x000000b7,0x00000062,0x000200f9,0x000000b8,0x000200f8,0x000000b8,0x000400f6,
	0x000000ba,0x000000bb,0x00000000,0x000200f9,0x000000bc,0x000200f8,0x000000bc,0x0004003d,
	0x00000006,0x000000bd,0x000000b7,0x000500b0,0x0000008b,0x000000bf,0x000000bd,0x000000be,
	0x000400fa,0x000000bf,0x000000b9,0x000000ba,0x000200f8,0x000000b9,0x0004003d,0x00000006,
	0x000000c2,0x000000b7,0x0003003e,0x000000c1,0x000000c2,0x0003003e,0x000000c3,0x000000be,
	0x00060039,0x0000000d,0x000000c4,0x00000011,0x000000c1,0x000000c3,0x0003003e,0x000000c0,
	0x000000c4,0x0004003d,0x0000000d,0x000000cc,0x000000c0,0x0003003e,0x000000cb,0x000000cc,
	0x0004003d,0x00000014,0x000000ce,0x000000ad,0x0003003e,0x000000cd,0x000000ce,0x00050041,
	0x000000d0,0x000000d1,0x000000c9,0x000000ca,0x0004003d,0x00000008,0x000000d2,0x000000d1,
	0x0003003e,0x000000cf,0x000000d2,0x00070039,0x00000014,0x000000d3,0x0000001b,0x000000cb,
	0x000000cd,0x000000cf,0x0003003e,0x000000c5,0x000000d3,0x0004003d,0x00000014,0x000000d6,
	0x000000b2,0x0004003d,0x00000014,0x000000d7,0x000000c5,0x00050094,0x00000008,0x000000d8,
	0x000000d6,0x000000d7,0x00050085,0x00000008,0x000000d9,0x000000d5,0x000000d8,0x0004003d,
	0x00000014,0x000000da,0x000000c5,0x0005008e,0x00000014,0x000000db,0x000000da,0x000000d9,
	0x0004003d,0x00000014,0x000000dc,0x000000b2,0x00050083,0x00000014,0x000000dd,0x000000db,
	0x000000dc,0x0006000c,0x00000014,0x000000de,0x00000001,0x00000045,0x000000dd,0x0003003e,
	0x000000d4,0x000000de,0x0004003d,0x00000014,0x000000e0,0x000000ad,0x0004003d,0x00000014,
	0x000000e1,0x000000d4,0x00050094,0x00000008,0x000000e2,0x000000e0,0x000000e1,0x0007000c,
	0x00000008,0x000000e3,0x00000001,0x00000028,0x000000e2,0x0000008d,0x0003003e,0x000000df,
	0x000000e3,0x0004003d,0x00000008,0x000000e4,0x000000df,0x000500ba,0x0000008b,0x000000e5,
	0x000000e4,0x0000008d,0x000300f7,0x000000e7,0x00000000,0x000400fa,0x000000e5,0x000000e6,
	0x000000e7,0x000200f8,0x000000e6,0x0004003d,0x000000e9,0x000000ec,0x000000eb,0x0004003d,
	0x00000014,0x000000ed,0x000000d4,0x00070058,0x000000ee,0x000000ef,0x000000ec,0x000000ed,
	0x00000002,0x0000008d,0x0008004f,0x00000014,0x000000f0,0x000000ef,0x000000ef,0x00000000,
	0x00000001,0x00000002,0x0007000c,0x00000014,0x000000f3,0x00000001,0x0000001a,0x000000f0,
	0x000000f2,0x0004003d,0x00000008,0x000000f4,0x000000df,0x0005008e,0x00000014,0x000000f5,
	0x000000f3,0x000000f4,0x0004003d,0x00000014,0x000000f6,0x000000b4,0x00050081,0x00000014,
	0x000000f7,0x000000f6,0x000000f5,0x0003003e,0x000000b4,0x000000f7,0x0004003d,0x00000008,
	0x000000f8,0x000000df,0x0004003d,0x00000008,0x000000f9,0x000000b6,0x00050081,0x00000008,
	0x000000fa,0x000000f9,0x000000f8,0x0003003e,0x000000b6,0x000000fa,0x000200f9,0x000000e7,
	0x000200f8,0x000000e7,0x000200f9,0x000000bb,0x000200f8,0x000000bb,0x0004003d,0x00000006,
	0x000000fb,0x000000b7,0x00050080,0x00000006,0x000000fc,0x000000fb,0x000000ca,0x0003003e,
	0x000000b7,0x000000fc,0x000200f9,0x000000b8,0x000200f8,0x000000ba,0x0004003d,0x00000014,
	0x000000ff,0x000000b4,0x0004003d,0x00000008,0x00000100,0x000000b6,0x0007000c,0x00000008,
	0x00000102,0x00000001,0x00000028,0x00000100,0x00000101,0x00060050,0x00000014,0x00000103,
	0x00000102,0x00000102,0x00000102,0x00050088,0x00000014,0x00000104,0x000000ff,0x00000103,
	0x00050051,0x00000008,0x00000105,0x00000104,0x00000000,0x00050051,0x00000008,0x00000106,
	0x00000104,0x00000001,0x00050051,0x00000008,0x00000107,0x00000104,0x00000002,0x00070050,
	0x000000ee,0x00000108,0x00000105,0x00000106,0x00000107,0x00000067,0x0003003e,0x000000fe,
	0x00000108,0x000100fd,0x00010038,0x00050036,0x00000008,0x0000000b,0x00000000,0x00000009,
	0x00030037,0x00000007,0x0000000a,0x000200f8,0x0000000c,0x0004003d,0x00000006,0x0000001d,
	0x0000000a,0x000500c4,0x00000006,0x0000001f,0x0000001d,0x0000001e,0x0004003d,0x00000006,
	0x00000020,0x0000000a,0x000500c2,0x00000006,0x00000021,0x00000020,0x0000001e,0x000500c5,
	0x00000006,0x00000022,0x0000001f,0x00000021,0x0003003e,0x0000000a,0x00000022,0x0004003d,
	0x00000006,0x00000023,0x0000000a,0x000500c7,0x00000006,0x00000025,0x00000023,0x00000024,
	0x000500c4,0x00000006,0x00000027,0x00000025,0x00000026,0x0004003d,0x00000006,0x00000028,
	0x0000000a,0x000500c7,0x00000006,0x0000002a,0x00000028,0x00000029,0x000500c2,0x00000006,
	0x0000002b,0x0000002a,0x00000026,0x000500c5,0x00000006,0x0000002c,0x00000027,0x0000002b,
	0x0003003e,0x0000000a,0x0000002c,0x0004003d,0x00000006,0x0000002d,0x0000000a,0x000500c7,
	0x00000006,0x0000002f,0x0000002d,0x0000002e,0x000500c4,0x00000006,0x00000031,0x0000002f,
	0x00000030,0x0004003d,0x00000006,0x00000032,0x0000000a,0x000500c7,0x00000006,0x00000034,
	0x00000032,0x00000033,0x000500c2,0x00000006,0x00000035,0x00000034,0x00000030,0x000500c5,
	0x00000006,0x00000036,0x00000031,0x00000035,0x0003003e,0x0000000a,0x00000036,0x0004003d,
	0x00000006,0x00000037,0x0000000a,0x000500c7,0x00000006,0x00000039,0x00000037,0x00000038,
	0x000500c4,0x00000006,0x0000003b,0x00000039,0x0000003a,0x0004003d,0x00000006,0x0000003c,
	0x0000000a,0x000500c7,0x00000006,0x0000003e,0x0000003c,0x0000003d,0x000500c2,0x00000006,
	0x0000003f,0x0000003e,0x0000003a,0x000500c5,0x00000006,0x00000040,0x0000003b,0x0000003f,
	0x0003003e,0x0000000a,0x00000040,0x0004003d,0x00000006,0x00000041,0x0000000a,0x000500c7,
	0x00000006,0x00000043,0x00000041,0x00000042,0x000500c4,0x00000006,0x00000045,0x00000043,
	0x00000044,0x0004003d,0x00000006,0x00000046,0x0000000a,0x000500c7,0x00000006,0x00000048,
	0x00000046,0x00000047,0x000500c2,0x00000006,0x00000049,0x00000048,0x00000044,0x000500c5,
	0x00000006,0x0000004a,0x00000045,0x00000049,0x0003003e,0x0000000a,0x0000004a,0x0004003d,
	0x00000006,0x0000004b,0x0000000a,0x00040070,0x00000008,0x0000004c,0x0000004b,0x00050085,
	0x00000008,0x0000004e,0x0000004c,0x0000004d,0x000200fe,0x0000004e,0x00010038,0x00050036,
	0x0000000d,0x00000011,0x00000000,0x0000000e,0x00030037,0x00000007,0x0000000f,0x00030037,
	0x00000007,0x00000010,0x000200f8,0x00000012,0x0004003b,0x00000007,0x00000056,0x00000007,
	0x0004003d,0x00000006,0x00000051,0x0000000f,0x00040070,0x00000008,0x00000052,0x00000051,
	0x0004003d,0x00000006,0x00000053,0x00000010,0x00040070,0x00000008,0x00000054,0x00000053,
	0x00050088,0x00000008,0x00000055,0x00000052,0x00000054,0x0004003d,0x00000006,0x00000057,
	0x0000000f,0x0003003e,0x00000056,0x00000057,0x00050039,0x00000008,0x00000058,0x0000000b,
	0x00000056,0x00050050,0x0000000d,0x00000059,0x00000055,0x00000058,0x000200fe,0x00000059,
	0x00010038,0x00050036,0x00000014,0x0000001b,0x00000000,0x00000017,0x00030037,0x00000013,
	0x00000018,0x00030037,0x00000015,0x00000019,0x00030037,0x00000016,0x0000001a,0x000200f8,
	0x0000001c,0x0004003b,0x00000016,0x0000005c,0x00000007,0x0004003b,0x00000016,0x00000060,
	0x00000007,0x0004003b,0x00000016,0x00000066,0x00000007,0x0004003b,0x00000016,0x00000075,
	0x00000007,0x0004003b,0x00000015,0x0000007b,0x00000007,0x0004003b,0x00000015,0x00000086,
	0x00000007,0x0004003b,0x00000015,0x00000093,0x00000007,0x0004003b,0x00000015,0x00000098,
	0x00000007,0x0004003d,0x00000008,0x0000005d,0x0000001a,0x0004003d,0x00000008,0x0000005e,
	0x0000001a,0x00050085,0x00000008,0x0000005f,0x0000005d,0x0000005e,0x0003003e,0x0000005c,
	0x0000005f,0x00050041,0x00000016,0x00000063,0x00000018,0x00000062,0x0004003d,0x00000008,
	0x00000064,0x00000063,0x00050085,0x00000008,0x00000065,0x00000061,0x00000064,0x0003003e,
	0x00000060,0x00000065,0x00050041,0x00000016,0x00000068,0x00000018,0x00000026,0x0004003d,
	0x00000008,0x00000069,0x00000068,0x00050083,0x00000008,0x0000006a,0x00000067,0x00000069,
	0x0004003d,0x00000008,0x0000006b,0x0000005c,0x0004003d,0x00000008,0x0000006c,0x0000005c,
	0x00050085,0x00000008,0x0000006d,0x0000006b,0x0000006c,0x00050083,0x00000008,0x0000006e,
	0x0000006d,0x00000067,0x00050041,0x00000016,0x0000006f,0x00000018,0x00000026,0x0004003d,
	0x00000008,0x00000070,0x0000006f,0x00050085,0x00000008,0x00000071,0x0000006e,0x00000070,
	0x00050081,0x00000008,0x00000072,0x00000067,0x00000071,0x00050088,0x00000008,0x00000073,
	0x0000006a,0x00000072,0x0006000c,0x00000008,0x00000074,0x00000001,0x0000001f,0x00000073,
	0x0003003e,0x00000066,0x00000074,0x0004003d,0x00000008,0x00000076,0x00000066,0x0004003d,
	0x00000008,0x00000077,0x00000066,0x00050085,0x00000008,0x00000078,0x00000076,0x00000077,
	0x00050083,0x00000008,0x00000079,0x00000067,0x00000078,0x0006000c,0x00000008,0x0000007a,
	0x00000001,0x0000001f,0x00000079,0x0003003e,0x00000075,0x0000007a,0x0004003d,0x00000008,
	0x0000007c,0x00000075,0x0004003d,0x00000008,0x0000007d,0x00000060,0x0006000c,0x00000008,
	0x0000007e,0x00000001,0x0000000e,0x0000007d,0x00050085,0x00000008,0x0000007f,0x0000007c,
	0x0000007e,0x0004003d,0x00000008,0x00000080,0x00000075,0x0004003d,0x00000008,0x00000081,
	0x00000060,0x0006000c,0x00000008,0x00000082,0x00000001,0x0000000d,0x00000081,0x00050085,
	0x00000008,0x00000083,0x00000080,0x00000082,0x0004003d,0x00000008,0x00000084,0x00000066,
	0x00060050,0x00000014,0x00000085,0x0000007f,0x00000083,0x00000084,0x0003003e,0x0000007b,
	0x00000085,0x00050041,0x00000016,0x00000087,0x00000019,0x00000030,0x0004003d,0x00000008,
	0x00000088,0x00000087,0x0006000c,0x00000008,0x00000089,0x00000001,0x00000004,0x00000088,
	0x000500b8,0x0000008b,0x0000008c,0x00000089,0x0000008a,0x00060050,0x00000090,0x00000091,
	0x0000008c,0x0000008c,0x0000008c,0x000600a9,0x00000014,0x00000092,0x00000091,0x0000008e,
	0x0000008f,0x0003003e,0x00000086,0x00000092,0x0004003d,0x00000014,0x00000094,0x00000086,
	0x0004003d,0x00000014,0x00000095,0x00000019,0x0007000c,0x00000014,0x00000096,0x00000001,
	0x00000044,0x00000094,0x00000095,0x0006000c,0x00000014,0x00000097,0x00000001,0x00000045,
	0x00000096,0x0003003e,0x00000093,0x00000097,0x0004003d,0x00000014,0x00000099,0x00000019,
	0x0004003d,0x00000014,0x0000009a,0x00000093,0x0007000c,0x00000014,0x0000009b,0x00000001,
	0x00000044,0x00000099,0x0000009a,0x0003003e,0x00000098,0x0000009b,0x0004003d,0x00000014,
	0x0000009c,0x00000093,0x00050041,0x00000016,0x0000009d,0x0000007b,0x00000062,0x0004003d,
	0x00000008,0x0000009e,0x0000009d,0x0005008e,0x00000014,0x0000009f,0x0000009c,0x0000009e,
	0x0004003d,0x00000014,0x000000a0,0x00000098,0x00050041,0x00000016,0x000000a1,0x0000007b,
	0x00000026,0x0004003d,0x00000008,0x000000a2,0x000000a1,0x0005008e,0x00000014,0x000000a3,
	0x000000a0,0x000000a2,0x00050081,0x00000014,0x000000a4,0x0000009f,0x000000a3,0x0004003d,
	0x00000014,0x000000a5,0x00000019,0x00050041,0x00000016,0x000000a6,0x0000007b,0x00000030,
	0x0004003d,0x00000008,0x000000a7,0x000000a6,0x0005008e,0x00000014,0x000000a8,0x000000a5,
	0x000000a7,0x00050081,0x00000014,0x000000a9,0x000000a4,0x000000a8,0x0006000c,0x00000014,
	0x000000aa,0x00000001,0x00000045,0x000000a9,0x000200fe,0x000000aa,0x00010038
};
static const std::size_t kSceneIblPrefilterFragSpvWordCount = sizeof(kSceneIblPrefilterFragSpv) / sizeof(kSceneIblPrefilterFragSpv[0]);

static const std::uint32_t kSceneShadowVertSpv[] = {
	0x07230203,0x00010000,0x0008000b,0x0000011b,0x00000000,0x00020011,0x00000001,0x0006000b,
	0x00000001,0x4c534c47,0x6474732e,0x3035342e,0x00000000,0x0003000e,0x00000000,0x00000001,
	0x0010000f,0x00000000,0x00000004,0x6e69616d,0x00000000,0x0000000c,0x0000000e,0x00000010,
	0x00000012,0x0000002f,0x00000031,0x00000041,0x0000004b,0x000000fd,0x0000010a,0x0000010e,
	0x00030003,0x00000002,0x000001c2,0x00040005,0x00000004,0x6e69616d,0x00000000,0x00060005,
	0x0000000a,0x74736e69,0x65636e61,0x65646f4d,0x0000006c,0x00070005,0x0000000c,0x6e496e69,
	0x6e617473,0x6f4d6563,0x306c6564,0x00000000,0x00070005,0x0000000e,0x6e496e69,0x6e617473,
	0x6f4d6563,0x316c6564,0x00000000,0x00070005,0x00000010,0x6e496e69,0x6e617473,0x6f4d6563,
	0x326c6564,0x00000000,0x00070005,0x00000012,0x6e496e69,0x6e617473,0x6f4d6563,0x336c6564,
	0x00000000,0x00060005,0x0000002d,0x6e696b73,0x5064656e,0x7469736f,0x006e6f69,0x00050005,
	0x0000002f,0x6f506e69,0x69746973,0x00006e6f,0x00050005,0x00000031,0x65576e69,0x74686769,
	0x00000073,0x00040005,0x0000003d,0x6e696f6a,0x00000074,0x00050005,0x00000041,0x6f4a6e69,
	0x73746e69,0x00000000,0x00050005,0x00000049,0x6e696b73,0x7274614d,0x00007869,0x00050005,
	0x0000004b,0x6b536e69,0x6e496e69,0x00786564,0x00060005,0x00000057,0x6e696b53,0x66696e55,
	0x736d726f,0x00000000,0x00060006,0x00000057,0x00000000,0x6e696f6a,0x74614d74,0x00000073,
	0x00060005,0x00000059,0x79616c70,0x6b537265,0x6c426e69,0x006b636f,0x00070005,0x000000a4,
	0x6d656e45,0x696b5379,0x696e556e,0x6d726f66,0x00000073,0x00060006,0x000000a4,0x00000000,
	0x6e696f6a,0x74614d74,0x00000073,0x00060005,0x000000a6,0x6d656e65,0x696b5379,0x6f6c426e,
	0x00006b63,0x00070005,0x000000f2,0x64616873,0x6f57776f,0x50646c72,0x7469736f,0x006e6f69,
	0x00060005,0x000000fb,0x505f6c67,0x65567265,0x78657472,0x00000000,0x00060006,0x000000fb,
	0x00000000,0x505f6c67,0x7469736f,0x006e6f69,0x00070006,0x000000fb,0x00000001,0x505f6c67,
	0x746e696f,0x657a6953,0x00000000,0x00070006,0x000000fb,0x00000002,0x435f6c67,0x4470696c,
	0x61747369,0x0065636e,0x00070006,0x000000fb,0x00000003,0x435f6c67,0x446c6c75,0x61747369,
	0x0065636e,0x00030005,0x000000fd,0x00000000,0x00070005,0x000000ff,0x65646f4d,0x7375506c,
	0x6e6f4368,0x6e617473,0x00007374,0x00040006,0x000000ff,0x00000000,0x0070766d,0x00050006,
	0x000000ff,0x00000001,0x65646f6d,0x0000006c,0x00060006,0x000000ff,0x00000002,0x73736964,
	0x65766c6f,0x00000000,0x00040006,0x000000ff,0x00000003,0x00646170,0x00040005,0x00000101,
	0x656a626f,0x00007463,0x00060005,0x0000010a,0x61685376,0x57776f64,0x646c726f,0x00736f50,
	0x00050005,0x0000010e,0x73694476,0x766c6f73,0x00000065,0x00040047,0x0000000c,0x0000001e,
	0x00000008,0x00040047,0x0000000e,0x0000001e,0x00000009,0x00040047,0x00000010,0x0000001e,
	0x0000000a,0x00040047,0x00000012,0x0000001e,0x0000000b,0x00040047,0x0000002f,0x0000001e,
	0x00000000,0x00040047,0x00000031,0x0000001e,0x00000007,0x00040047,0x00000041,0x0000001e,
	0x00000006,0x00040047,0x0000004b,0x0000001e,0x0000000d,0x00040047,0x00000056,0x00000006,
	0x00000040,0x00040048,0x00000057,0x00000000,0x00000005,0x00050048,0x00000057,0x00000000,
	0x00000023,0x00000000,0x00050048,0x00000057,0x00000000,0x00000007,0x00000010,0x00030047,
	0x00000057,0x00000002,0x00040047,0x00000059,0x00000022,0x00000000,0x00040047,0x00000059,
	0x00000021,0x00000007,0x00040047,0x000000a3,0x00000006,0x00000040,0x00040048,0x000000a4,
	0x00000000,0x00000005,0x00050048,0x000000a4,0x00000000,0x00000023,0x00000000,0x00050048,
	0x000000a4,0x00000000,0x00000007,0x00000010,0x00030047,0x000000a4,0x00000002,0x00040047,
	0x000000a6,0x00000022,0x00000000,0x00040047,0x000000a6,0x00000021,0x0000000c,0x00050048,
	0x000000fb,0x00000000,0x0000000b,0x00000000,0x00050048,0x000000fb,0x00000001,0x0000000b,
	0x00000001,0x00050048,0x000000fb,0x00000002,0x0000000b,0x00000003,0x00050048,0x000000fb,
	0x00000003,0x0000000b,0x00000004,0x00030047,0x000000fb,0x00000002,0x00040047,0x000000fe,
	0x00000006,0x00000004,0x00040048,0x000000ff,0x00000000,0x00000005,0x00050048,0x000000ff,
	0x00000000,0x00000023,0x00000000,0x00050048,0x000000ff,0x00000000,0x00000007,0x00000010,
	0x00040048,0x000000ff,0x00000001,0x00000005,0x00050048,0x000000ff,0x00000001,0x00000023,
	0x00000040,0x00050048,0x000000ff,0x00000001,0x00000007,0x00000010,0x00050048,0x000000ff,
	0x00000002,0x00000023,0x00000080,0x00050048,0x000000ff,0x00000003,0x00000023,0x00000084,
	0x00030047,0x000000ff,0x00000002,0x00040047,0x0000010a,0x0000001e,0x00000000,0x00030047,
	0x0000010e,0x0000000e,0x00040047,0x0000010e,0x0000001e,0x00000001,0x00020013,0x00000002,
	0x00030021,0x00000003,0x00000002,0x00030016,0x00000006,0x00000020,0x00040017,0x00000007,
	0x00000006,0x00000004,0x00040018,0x00000008,0x00000007,0x00000004,0x00040020,0x00000009,
	0x00000007,0x00000008,0x00040020,0x0000000b,0x00000001,0x00000007,0x0004003b,0x0000000b,
	0x0000000c,0x00000001,0x0004003b,0x0000000b,0x0000000e,0x00000001,0x0004003b,0x0000000b,
	0x00000010,0x00000001,0x0004003b,0x0000000b,0x00000012,0x00000001,0x0004002b,0x00000006,
	0x00000014,0x3f800000,0x0004002b,0x00000006,0x00000015,0x00000000,0x00040017,0x0000002b,
	0x00000006,0x00000003,0x00040020,0x0000002c,0x00000007,0x0000002b,0x00040020,0x0000002e,
	0x00000001,0x0000002b,0x0004003b,0x0000002e,0x0000002f,0x00000001,0x0004003b,0x0000000b,
	0x00000031,0x00000001,0x0007002c,0x00000007,0x00000033,0x00000014,0x00000014,0x00000014,
	0x00000014,0x0004002b,0x00000006,0x00000035,0x3a83126f,0x00020014,0x00000036,0x00040015,
	0x0000003a,0x00000020,0x00000001,0x00040017,0x0000003b,0x0000003a,0x00000004,0x00040020,
	0x0000003c,0x00000007,0x0000003b,0x00040015,0x0000003e,0x00000020,0x00000000,0x00040017,
	0x0000003f,0x0000003e,0x00000004,0x00040020,0x00000040,0x00000001,0x0000003f,0x0004003b,
	0x00000040,0x00000041,0x00000001,0x0004002b,0x0000003a,0x00000044,0x00000000,0x0007002c,
	0x0000003b,0x00000045,0x00000044,0x00000044,0x00000044,0x00000044,0x0004002b,0x0000003a,
	0x00000046,0x000000ff,0x0007002c,0x0000003b,0x00000047,0x00000046,0x00000046,0x00000046,
	0x00000046,0x00040020,0x0000004a,0x00000001,0x0000003e,0x0004003b,0x0000004a,0x0000004b,
	0x00000001,0x0004002b,0x0000003e,0x0000004d,0x00000000,0x00040020,0x00000052,0x00000001,
	0x00000006,0x0004002b,0x0000003e,0x00000055,0x00000100,0x0004001c,0x00000056,0x00000008,
	0x00000055,0x0003001e,0x00000057,0x00000056,0x00040020,0x00000058,0x00000002,0x00000057,
	0x0004003b,0x00000058,0x00000059,0x00000002,0x00040020,0x0000005a,0x00000007,0x0000003a,
	0x00040020,0x0000005d,0x00000002,0x00000008,0x0004002b,0x0000003e,0x00000061,0x00000001,
	0x0004002b,0x0000003e,0x00000076,0x00000002,0x0004002b,0x0000003e,0x0000008b,0x00000003,
	0x0004001c,0x000000a3,0x00000008,0x00000055,0x0003001e,0x000000a4,0x000000a3,0x00040020,
	0x000000a5,0x00000002,0x000000a4,0x0004003b,0x000000a5,0x000000a6,0x00000002,0x00040020,
	0x000000f1,0x00000007,0x00000007,0x0004001c,0x000000fa,0x00000006,0x00000061,0x0006001e,
	0x000000fb,0x00000007,0x00000006,0x000000fa,0x000000fa,0x00040020,0x000000fc,0x00000003,
	0x000000fb,0x0004003b,0x000000fc,0x000000fd,0x00000003,0x0004001c,0x000000fe,0x00000006,
	0x0000008b,0x0006001e,0x000000ff,0x00000008,0x00000008,0x00000006,0x000000fe,0x00040020,
	0x00000100,0x00000009,0x000000ff,0x0004003b,0x00000100,0x00000101,0x00000009,0x00040020,
	0x00000102,0x00000009,0x00000008,0x00040020,0x00000107,0x00000003,0x00000007,0x00040020,
	0x00000109,0x00000003,0x0000002b,0x0004003b,0x00000109,0x0000010a,0x00000003,0x00040020,
	0x0000010d,0x00000003,0x00000006,0x0004003b,0x0000010d,0x0000010e,0x00000003,0x00040020,
	0x00000111,0x00000007,0x00000006,0x0004002b,0x0000003a,0x00000115,0x00000002,0x00040020,
	0x00000116,0x00000009,0x00000006,0x00050036,0x00000002,0x00000004,0x00000000,0x00000003,
	0x000200f8,0x00000005,0x0004003b,0x00000009,0x0000000a,0x00000007,0x0004003b,0x0000002c,
	0x0000002d,0x00000007,0x0004003b,0x0000003c,0x0000003d,0x00000007,0x0004003b,0x00000009,
	0x00000049,0x00000007,0x0004003b,0x00000009,0x0000004f,0x00000007,0x0004003b,0x000000f1,
	0x000000f2,0x00000007,0x0004003b,0x00000111,0x00000112,0x00000007,0x0004003d,0x00000007,
	0x0000000d,0x0000000c,0x0004003d,0x00000007,0x0000000f,0x0000000e,0x0004003d,0x00000007,
	0x00000011,0x00000010,0x0004003d,0x00000007,0x00000013,0x00000012,0x00050051,0x00000006,
	0x00000016,0x0000000d,0x00000000,0x00050051,0x00000006,0x00000017,0x0000000d,0x00000001,
	0x00050051,0x00000006,0x00000018,0x0000000d,0x00000002,0x00050051,0x00000006,0x00000019,
	0x0000000d,0x00000003,0x00050051,0x00000006,0x0000001a,0x0000000f,0x00000000,0x00050051,
	0x00000006,0x0000001b,0x0000000f,0x00000001,0x00050051,0x00000006,0x0000001c,0x0000000f,
	0x00000002,0x00050051,0x00000006,0x0000001d,0x0000000f,0x00000003,0x00050051,0x00000006,
	0x0000001e,0x00000011,0x00000000,0x00050051,0x00000006,0x0000001f,0x00000011,0x00000001,
	0x00050051,0x00000006,0x00000020,0x00000011,0x00000002,0x00050051,0x00000006,0x00000021,
	0x00000011,0x00000003,0x00050051,0x00000006,0x00000022,0x00000013,0x00000000,0x00050051,
	0x00000006,0x00000023,0x00000013,0x00000001,0x00050051,0x00000006,0x00000024,0x00000013,
	0x00000002,0x00050051,0x00000006,0x00000025,0x00000013,0x00000003,0x00070050,0x00000007,
	0x00000026,0x00000016,0x00000017,0x00000018,0x00000019,0x00070050,0x00000007,0x00000027,
	0x0000001a,0x0000001b,0x0000001c,0x0000001d,0x00070050,0x00000007,0x00000028,0x0000001e,
	0x0000001f,0x00000020,0x00000021,0x00070050,0x00000007,0x00000029,0x00000022,0x00000023,
	0x00000024,0x00000025,0x00070050,0x00000008,0x0000002a,0x00000026,0x00000027,0x00000028,
	0x00000029,0x0003003e,0x0000000a,0x0000002a,0x0004003d,0x0000002b,0x00000030,0x0000002f,
	0x0003003e,0x0000002d,0x00000030,0x0004003d,0x00000007,0x00000032,0x00000031,0x00050094,
	0x00000006,0x00000034,0x00000032,0x00000033,0x000500ba,0x00000036,0x00000037,0x00000034,
	0x00000035,0x000300f7,0x00000039,0x00000000,0x000400fa,0x00000037,0x00000038,0x00000039,
	0x000200f8,0x00000038,0x0004003d,0x0000003f,0x00000042,0x00000041,0x0004007c,0x0000003b,
	0x00000043,0x00000042,0x0008000c,0x0000003b,0x00000048,0x00000001,0x0000002d,0x00000043,
	0x00000045,0x00000047,0x0003003e,0x0000003d,0x00000048,0x0004003d,0x0000003e,0x0000004c,
	0x0000004b,0x000500aa,0x00000036,0x0000004e,0x0000004c,0x0000004d,0x000300f7,0x00000051,
	0x00000000,0x000400fa,0x0000004e,0x00000050,0x000000a0,0x000200f8,0x00000050,0x00050041,
	0x00000052,0x00000053,0x00000031,0x0000004d,0x0004003d,0x00000006,0x00000054,0x00000053,
	0x00050041,0x0000005a,0x0000005b,0x0000003d,0x0000004d,0x0004003d,0x0000003a,0x0000005c,
	0x0000005b,0x00060041,0x0000005d,0x0000005e,0x00000059,0x00000044,0x0000005c,0x0004003d,
	0x00000008,0x0000005f,0x0000005e,0x0005008f,0x00000008,0x00000060,0x0000005f,0x00000054,
	0x00050041,0x00000052,0x00000062,0x00000031,0x00000061,0x0004003d,0x00000006,0x00000063,
	0x00000062,0x00050041,0x0000005a,0x00000064,0x0000003d,0x00000061,0x0004003d,0x0000003a,
	0x00000065,0x00000064,0x00060041,0x0000005d,0x00000066,0x00000059,0x00000044,0x00000065,
	0x0004003d,0x00000008,0x00000067,0x00000066,0x0005008f,0x00000008,0x00000068,0x00000067,
	0x00000063,0x00050051,0x00000007,0x00000069,0x00000060,0x00000000,0x00050051,0x00000007,
	0x0000006a,0x00000068,0x00000000,0x00050081,0x00000007,0x0000006b,0x00000069,0x0000006a,
	0x00050051,0x00000007,0x0000006c,0x00000060,0x00000001,0x00050051,0x00000007,0x0000006d,
	0x00000068,0x00000001,0x00050081,0x00000007,0x0000006e,0x0000006c,0x0000006d,0x00050051,
	0x00000007,0x0000006f,0x00000060,0x00000002,0x00050051,0x00000007,0x00000070,0x00000068,
	0x00000002,0x00050081,0x00000007,0x00000071,0x0000006f,0x00000070,0x00050051,0x00000007,
	0x00000072,0x00000060,0x00000003,0x00050051,0x00000007,0x00000073,0x00000068,0x00000003,
	0x00050081,0x00000007,0x00000074,0x00000072,0x00000073,0x00070050,0x00000008,0x00000075,
	0x0000006b,0x0000006e,0x00000071,0x00000074,0x00050041,0x00000052,0x00000077,0x00000031,
	0x00000076,0x0004003d,0x00000006,0x00000078,0x00000077,0x00050041,0x0000005a,0x00000079,
	0x0000003d,0x00000076,0x0004003d,0x0000003a,0x0000007a,0x00000079,0x00060041,0x0000005d,
	0x0000007b,0x00000059,0x00000044,0x0000007a,0x0004003d,0x00000008,0x0000007c,0x0000007b,
	0x0005008f,0x00000008,0x0000007d,0x0000007c,0x00000078,0x00050051,0x00000007,0x0000007e,
	0x00000075,0x00000000,0x00050051,0x00000007,0x0000007f,0x0000007d,0x00000000,0x00050081,
	0x00000007,0x00000080,0x0000007e,0x0000007f,0x00050051,0x00000007,0x00000081,0x00000075,
	0x00000001,0x00050051,0x00000007,0x00000082,0x0000007d,0x00000001,0x00050081,0x00000007,
	0x00000083,0x00000081,0x00000082,0x00050051,0x00000007,0x00000084,0x00000075,0x00000002,
	0x00050051,0x00000007,0x00000085,0x0000007d,0x00000002,0x00050081,0x00000007,0x00000086,
	0x00000084,0x00000085,0x00050051,0x00000007,0x00000087,0x00000075,0x00000003,0x00050051,
	0x00000007,0x00000088,0x0000007d,0x00000003,0x00050081,0x00000007,0x00000089,0x00000087,
	0x00000088,0x00070050,0x00000008,0x0000008a,0x00000080,0x00000083,0x00000086,0x00000089,
	0x00050041,0x00000052,0x0000008c,0x00000031,0x0000008b,0x0004003d,0x00000006,0x0000008d,
	0x0000008c,0x00050041,0x0000005a,0x0000008e,0x0000003d,0x0000008b,0x0004003d,0x0000003a,
	0x0000008f,0x0000008e,0x00060041,0x0000005d,0x00000090,0x00000059,0x00000044,0x0000008f,
	0x0004003d,0x00000008,0x00000091,0x00000090,0x0005008f,0x00000008,0x00000092,0x00000091,
	0x0000008d,0x00050051,0x00000007,0x00000093,0x0000008a,0x00000000,0x00050051,0x00000007,
	0x00000094,0x00000092,0x00000000,0x00050081,0x00000007,0x00000095,0x00000093,0x00000094,
	0x00050051,0x00000007,0x00000096,0x0000008a,0x00000001,0x00050051,0x00000007,0x00000097,
	0x00000092,0x00000001,0x00050081,0x00000007,0x00000098,0x00000096,0x00000097,0x00050051,
	0x00000007,0x00000099,0x0000008a,0x00000002,0x00050051,0x00000007,0x0000009a,0x00000092,
	0x00000002,0x00050081,0x00000007,0x0000009b,0x00000099,0x0000009a,0x00050051,0x00000007,
	0x0000009c,0x0000008a,0x00000003,0x00050051,0x00000007,0x0000009d,0x00000092,0x00000003,
	0x00050081,0x00000007,0x0000009e,0x0000009c,0x0000009d,0x00070050,0x00000008,0x0000009f,
	0x00000095,0x00000098,0x0000009b,0x0000009e,0x0003003e,0x0000004f,0x0000009f,0x000200f9,
	0x00000051,0x000200f8,0x000000a0,0x00050041,0x00000052,0x000000a1,0x00000031,0x0000004d,
	0x0004003d,0x00000006,0x000000a2,0x000000a1,0x00050041,0x0000005a,0x000000a7,0x0000003d,
	0x0000004d,0x0004003d,0x0000003a,0x000000a8,0x000000a7,0x00060041,0x0000005d,0x000000a9,
	0x000000a6,0x00000044,0x000000a8,0x0004003d,0x00000008,0x000000aa,0x000000a9,0x0005008f,
	0x00000008,0x000000ab,0x000000aa,0x000000a2,0x00050041,0x00000052,0x000000ac,0x00000031,
	0x00000061,0x0004003d,0x00000006,0x000000ad,0x000000ac,0x00050041,0x0000005a,0x000000ae,
	0x0000003d,0x00000061,0x0004003d,0x0000003a,0x000000af,0x000000ae,0x00060041,0x0000005d,
	0x000000b0,0x000000a6,0x00000044,0x000000af,0x0004003d,0x00000008,0x000000b1,0x000000b0,
	0x0005008f,0x00000008,0x000000b2,0x000000b1,0x000000ad,0x00050051,0x00000007,0x000000b3,
	0x000000ab,0x00000000,0x00050051,0x00000007,0x000000b4,0x000000b2,0x00000000,0x00050081,
	0x00000007,0x000000b5,0x000000b3,0x000000b4,0x00050051,0x00000007,0x000000b6,0x000000ab,
	0x00000001,0x00050051,0x00000007,0x000000b7,0x000000b2,0x00000001,0x00050081,0x00000007,
	0x000000b8,0x000000b6,0x000000b7,0x00050051,0x00000007,0x000000b9,0x000000ab,0x00000002,
	0x00050051,0x00000007,0x000000ba,0x000000b2,0x00000002,0x00050081,0x00000007,0x000000bb,
	0x000000b9,0x000000ba,0x00050051,0x00000007,0x000000bc,0x000000ab,0x00000003,0x00050051,
	0x00000007,0x000000bd,0x000000b2,0x00000003,0x00050081,0x00000007,0x000000be,0x000000bc,
	0x000000bd,0x00070050,0x00000008,0x000000bf,0x000000b5,0x000000b8,0x000000bb,0x000000be,
	0x00050041,0x00000052,0x000000c0,0x00000031,0x00000076,0x0004003d,0x00000006,0x000000c1,
	0x000000c0,0x00050041,0x0000005a,0x000000c2,0x0000003d,0x00000076,0x0004003d,0x0000003a,
	0x000000c3,0x000000c2,0x00060041,0x0000005d,0x000000c4,0x000000a6,0x00000044,0x000000c3,
	0x0004003d,0x00000008,0x000000c5,0x000000c4,0x0005008f,0x00000008,0x000000c6,0x000000c5,
	0x000000c1,0x00050051,0x00000007,0x000000c7,0x000000bf,0x00000000,0x00050051,0x00000007,
	0x000000c8,0x000000c6,0x00000000,0x00050081,0x00000007,0x000000c9,0x000000c7,0x000000c8,
	0x00050051,0x00000007,0x000000ca,0x000000bf,0x00000001,0x00050051,0x00000007,0x000000cb,
	0x000000c6,0x00000001,0x00050081,0x00000007,0x000000cc,0x000000ca,0x000000cb,0x00050051,
	0x00000007,0x000000cd,0x000000bf,0x00000002,0x00050051,0x00000007,0x000000ce,0x000000c6,
	0x00000002,0x00050081,0x00000007,0x000000cf,0x000000cd,0x000000ce,0x00050051,0x00000007,
	0x000000d0,0x000000bf,0x00000003,0x00050051,0x00000007,0x000000d1,0x000000c6,0x00000003,
	0x00050081,0x00000007,0x000000d2,0x000000d0,0x000000d1,0x00070050,0x00000008,0x000000d3,
	0x000000c9,0x000000cc,0x000000cf,0x000000d2,0x00050041,0x00000052,0x000000d4,0x00000031,
	0x0000008b,0x0004003d,0x00000006,0x000000d5,0x000000d4,0x00050041,0x0000005a,0x000000d6,
	0x0000003d,0x0000008b,0x0004003d,0x0000003a,0x000000d7,0x000000d6,0x00060041,0x0000005d,
	0x000000d8,0x000000a6,0x00000044,0x000000d7,0x0004003d,0x00000008,0x000000d9,0x000000d8,
	0x0005008f,0x00000008,0x000000da,0x000000d9,0x000000d5,0x00050051,0x00000007,0x000000db,
	0x000000d3,0x00000000,0x00050051,0x00000007,0x000000dc,0x000000da,0x00000000,0x00050081,
	0x00000007,0x000000dd,0x000000db,0x000000dc,0x00050051,0x00000007,0x000000de,0x000000d3,
	0x00000001,0x00050051,0x00000007,0x000000df,0x000000da,0x00000001,0x00050081,0x00000007,
	0x000000e0,0x000000de,0x000000df,0x00050051,0x00000007,0x000000e1,0x000000d3,0x00000002,
	0x00050051,0x00000007,0x000000e2,0x000000da,0x00000002,0x00050081,0x00000007,0x000000e3,
	0x000000e1,0x000000e2,0x00050051,0x00000007,0x000000e4,0x000000d3,0x00000003,0x00050051,
	0x00000007,0x000000e5,0x000000da,0x00000003,0x00050081,0x00000007,0x000000e6,0x000000e4,
	0x000000e5,0x00070050,0x00000008,0x000000e7,0x000000dd,0x000000e0,0x000000e3,0x000000e6,
	0x0003003e,0x0000004f,0x000000e7,0x000200f9,0x00000051,0x000200f8,0x00000051,0x0004003d,
	0x00000008,0x000000e8,0x0000004f,0x0003003e,0x00000049,0x000000e8,0x0004003d,0x00000008,
	0x000000e9,0x00000049,0x0004003d,0x0000002b,0x000000ea,0x0000002f,0x00050051,0x00000006,
	0x000000eb,0x000000ea,0x00000000,0x00050051,0x00000006,0x000000ec,0x000000ea,0x00000001,
	0x00050051,0x00000006,0x000000ed,0x000000ea,0x00000002,0x00070050,0x00000007,0x000000ee,
	0x000000eb,0x000000ec,0x000000ed,0x00000014,0x00050091,0x00000007,0x000000ef,0x000000e9,
	0x000000ee,0x0008004f,0x0000002b,0x000000f0,0x000000ef,0x000000ef,0x00000000,0x00000001,
	0x00000002,0x0003003e,0x0000002d,0x000000f0,0x000200f9,0x00000039,0x000200f8,0x00000039,
	0x0004003d,0x00000008,0x000000f3,0x0000000a,0x0004003d,0x0000002b,0x000000f4,0x0000002d,
	0x00050051,0x00000006,0x000000f5,0x000000f4,0x00000000,0x00050051,0x00000006,0x000000f6,
	0x000000f4,0x00000001,0x00050051,0x00000006,0x000000f7,0x000000f4,0x00000002,0x00070050,
	0x00000007,0x000000f8,0x000000f5,0x000000f6,0x000000f7,0x00000014,0x00050091,0x00000007,
	0x000000f9,0x000000f3,0x000000f8,0x0003003e,0x000000f2,0x000000f9,0x00050041,0x00000102,
	0x00000103,0x00000101,0x00000044,0x0004003d,0x00000008,0x00000104,0x00000103,0x0004003d,
	0x00000007,0x00000105,0x000000f2,0x00050091,0x00000007,0x00000106,0x00000104,0x00000105,
	0x00050041,0x00000107,0x00000108,0x000000fd,0x00000044,0x0003003e,0x00000108,0x00000106,
	0x0004003d,0x00000007,0x0000010b,0x000000f2,0x0008004f,0x0000002b,0x0000010c,0x0000010b,
	0x0000010b,0x00000000,0x00000001,0x00000002,0x0003003e,0x0000010a,0x0000010c,0x0004003d,
	0x0000003e,0x0000010f,0x0000004b,0x000500aa,0x00000036,0x00000110,0x0000010f,0x00000061,
	0x000300f7,0x00000114,0x00000000,0x000400fa,0x00000110,0x00000113,0x00000119,0x000200f8,
	0x00000113,0x00050041,0x00000116,0x00000117,0x00000101,0x00000115,0x0004003d,0x00000006,
	0x00000118,0x00000117,0x0003003e,0x00000112,0x00000118,0x000200f9,0x00000114,0x000200f8,
	0x00000119,0x0003003e,0x00000112,0x00000015,0x000200f9,0x00000114,0x000200f8,0x00000114,
	0x0004003d,0x00000006,0x0000011a,0x00000112,0x0003003e,0x0000010e,0x0000011a,0x000100fd,
	0x00010038
};
static const std::size_t kSceneShadowVertSpvWordCount = sizeof(kSceneShadowVertSpv) / sizeof(kSceneShadowVertSpv[0]);

static const std::uint32_t kSceneShadowFragSpv[] = {
	0x07230203,0x00010000,0x0008000b,0x0000009b,0x00000000,0x00020011,0x00000001,0x0006000b,
	0x00000001,0x4c534c47,0x6474732e,0x3035342e,0x00000000,0x0003000e,0x00000000,0x00000001,
	0x0007000f,0x00000004,0x00000004,0x6e69616d,0x00000000,0x00000085,0x0000008c,0x00030010,
	0x00000004,0x00000007,0x00030003,0x00000002,0x000001c2,0x00040005,0x00000004,0x6e69616d,
	0x00000000,0x00070005,0x0000000b,0x73736944,0x65766c6f,0x68736148,0x33667628,0x0000003b,
	0x00030005,0x0000000a,0x00000070,0x00070005,0x0000000e,0x73736944,0x65766c6f,0x73696f4e,
	0x66762865,0x00003b33,0x00030005,0x0000000d,0x00000070,0x00030005,0x00000035,0x00000069,
	0x00030005,0x00000038,0x00000066,0x00040005,0x00000045,0x61726170,0x0000006d,0x00040005,
	0x0000004d,0x61726170,0x0000006d,0x00040005,0x00000055,0x61726170,0x0000006d,0x00040005,
	0x0000005a,0x61726170,0x0000006d,0x00040005,0x00000065,0x61726170,0x0000006d,0x00040005,
	0x0000006a,0x61726170,0x0000006d,0x00040005,0x00000072,0x61726170,0x0000006d,0x00040005,
	0x00000077,0x61726170,0x0000006d,0x00050005,0x00000085,0x73694476,0x766c6f73,0x00000065,
	0x00060005,0x0000008c,0x61685376,0x57776f64,0x646c726f,0x00736f50,0x00040005,0x00000090,
	0x61726170,0x0000006d,0x00030047,0x00000085,0x0000000e,0x00040047,0x00000085,0x0000001e,
	0x00000001,0x00040047,0x0000008c,0x0000001e,0x00000000,0x00020013,0x00000002,0x00030021,
	0x00000003,0x00000002,0x00030016,0x00000006,0x00000020,0x00040017,0x00000007,0x00000006,
	0x00000003,0x00040020,0x00000008,0x00000007,0x00000007,0x00040021,0x00000009,0x00000006,
	0x00000008,0x0004002b,0x00000006,0x00000011,0x3ea2f984,0x0004002b,0x00000006,0x00000013,
	0x3dcccccd,0x0004002b,0x00000006,0x00000014,0x3e2e147b,0x0004002b,0x00000006,0x00000015,
	0x3e051eb8,0x0006002c,0x00000007,0x00000016,0x00000013,0x00000014,0x00000015,0x0004002b,
	0x00000006,0x00000019,0x41880000,0x00040015,0x0000001c,0x00000020,0x00000000,0x0004002b,
	0x0000001c,0x0000001d,0x00000000,0x00040020,0x0000001e,0x00000007,0x00000006,0x0004002b,
	0x0000001c,0x00000021,0x00000001,0x0004002b,0x0000001c,0x00000025,0x00000002,0x0004002b,
	0x00000006,0x0000003e,0x40400000,0x0004002b,0x00000006,0x0000003f,0x40000000,0x0004002b,
	0x00000006,0x00000049,0x3f800000,0x0004002b,0x00000006,0x0000004a,0x00000000,0x0006002c,
	0x00000007,0x0000004b,0x00000049,0x0000004a,0x0000004a,0x0006002c,0x00000007,0x00000053,
	0x0000004a,0x00000049,0x0000004a,0x0006002c,0x00000007,0x00000058,0x00000049,0x00000049,
	0x0000004a,0x0006002c,0x00000007,0x00000063,0x0000004a,0x0000004a,0x00000049,0x0006002c,
	0x00000007,0x00000068,0x00000049,0x0000004a,0x00000049,0x0006002c,0x00000007,0x00000070,
	0x0000004a,0x00000049,0x00000049,0x0006002c,0x00000007,0x00000075,0x00000049,0x00000049,
	0x00000049,0x00040020,0x00000084,0x00000001,0x00000006,0x0004003b,0x00000084,0x00000085,
	0x00000001,0x00020014,0x00000087,0x00040020,0x0000008b,0x00000001,0x00000007,0x0004003b,
	0x0000008b,0x0000008c,0x00000001,0x0004002b,0x00000006,0x0000008e,0x40a00000,0x0004002b,
	0x00000006,0x00000093,0x3f970a3d,0x0004002b,0x00000006,0x00000095,0x3db851ec,0x00050036,
	0x00000002,0x00000004,0x00000000,0x00000003,0x000200f8,0x00000005,0x0004003b,0x00000008,
	0x00000090,0x00000007,0x0004003d,0x00000006,0x00000086,0x00000085,0x000500ba,0x00000087,
	0x00000088,0x00000086,0x0000004a,0x000300f7,0x0000008a,0x00000000,0x000400fa,0x00000088,
	0x00000089,0x0000008a,0x000200f8,0x00000089,0x0004003d,0x00000007,0x0000008d,0x0000008c,
	0x0005008e,0x00000007,0x0000008f,0x0000008d,0x0000008e,0x0003003e,0x00000090,0x0000008f,
	0x00050039,0x00000006,0x00000091,0x0000000e,0x00000090,0x0004003d,0x00000006,0x00000092,
	0x00000085,0x00050085,0x00000006,0x00000094,0x00000092,0x00000093,0x00050083,0x00000006,
	0x00000096,0x00000094,0x00000095,0x000500b8,0x00000087,0x00000097,0x00000091,0x00000096,
	0x000300f7,0x00000099,0x00000000,0x000400fa,0x00000097,0x00000098,0x00000099,0x000200f8,
	0x00000098,0x000100fc,0x000200f8,0x00000099,0x000200f9,0x0000008a,0x000200f8,0x0000008a,
	0x000100fd,0x00010038,0x00050036,0x00000006,0x0000000b,0x00000000,0x00000009,0x00030037,
	0x00000008,0x0000000a,0x000200f8,0x0000000c,0x0004003d,0x00000007,0x00000010,0x0000000a,
	0x0005008e,0x00000007,0x00000012,0x00000010,0x00000011,0x00050081,0x00000007,0x00000017,
	0x00000012,0x00000016,0x0006000c,0x00000007,0x00000018,0x00000001,0x0000000a,0x00000017,
	0x0003003e,0x0000000a,0x00000018,0x0004003d,0x00000007,0x0000001a,0x0000000a,0x0005008e,
	0x00000007,0x0000001b,0x0000001a,0x00000019,0x0003003e,0x0000000a,0x0000001b,0x00050041,
	0x0000001e,0x0000001f,0x0000000a,0x0000001d,0x0004003d,0x00000006,0x00000020,0x0000001f,
	0x00050041,0x0000001e,0x00000022,0x0000000a,0x00000021,0x0004003d,0x00000006,0x00000023,
	0x00000022,0x00050085,0x00000006,0x00000024,0x00000020,0x00000023,0x00050041,0x0000001e,
	0x00000026,0x0000000a,0x00000025,0x0004003d,0x00000006,0x00000027,0x00000026,0x00050085,
	0x00000006,0x00000028,0x00000024,0x00000027,0x00050041,0x0000001e,0x00000029,0x0000000a,
	0x0000001d,0x0004003d,0x00000006,0x0000002a,0x00000029,0x00050041,0x0000001e,0x0000002b,
	0x0000000a,0x00000021,0x0004003d,0x00000006,0x0000002c,0x0000002b,0x00050081,0x00000006,
	0x0000002d,0x0000002a,0x0000002c,0x00050041,0x0000001e,0x0000002e,0x0000000a,0x00000025,
	0x0004003d,0x00000006,0x0000002f,0x0000002e,0x00050081,0x00000006,0x00000030,0x0000002d,
	0x0000002f,0x00050085,0x00000006,0x00000031,0x00000028,0x00000030,0x0006000c,0x00000006,
	0x00000032,0x00000001,0x0000000a,0x00000031,0x000200fe,0x00000032,0x00010038,0x00050036,
	0x00000006,0x0000000e,0x00000000,0x00000009,0x00030037,0x00000008,0x0000000d,0x000200f8,
	0x0000000f,0x0004003b,0x00000008,0x00000035,0x00000007,0x0004003b,0x00000008,0x00000038,
	0x00000007,0x0004003b,0x00000008,0x00000045,0x00000007,0x0004003b,0x00000008,0x0000004d,
	0x00000007,0x0004003b,0x00000008,0x00000055,0x00000007,0x0004003b,0x00000008,0x0000005a,
	0x00000007,0x0004003b,0x00000008,0x00000065,0x00000007,0x0004003b,0x00000008,0x0000006a,
	0x00000007,0x0004003b,0x00000008,0x00000072,0x00000007,0x0004003b,0x00000008,0x00000077,
	0x00000007,0x0004003d,0x00000007,0x00000036,0x0000000d,0x0006000c,0x00000007,0x00000037,
	0x00000001,0x00000008,0x00000036,0x0003003e,0x00000035,0x00000037,0x0004003d,0x00000007,
	0x00000039,0x0000000d,0x0006000c,0x00000007,0x0000003a,0x00000001,0x0000000a,0x00000039,
	0x0003003e,0x00000038,0x0000003a,0x0004003d,0x00000007,0x0000003b,0x00000038,0x0004003d,
	0x00000007,0x0000003c,0x00000038,0x00050085,0x00000007,0x0000003d,0x0000003b,0x0000003c,
	0x0004003d,0x00000007,0x00000040,0x00000038,0x0005008e,0x00000007,0x00000041,0x00000040,
	0x0000003f,0x00060050,0x00000007,0x00000042,0x0000003e,0x0000003e,0x0000003e,0x00050083,
	0x00000007,0x00000043,0x00000042,0x00000041,0x00050085,0x00000007,0x00000044,0x0000003d,
	0x00000043,0x0003003e,0x00000038,0x00000044,0x0004003d,0x00000007,0x00000046,0x00000035,
	0x0003003e,0x00000045,0x00000046,0x00050039,0x00000006,0x00000047,0x0000000b,0x00000045,
	0x0004003d,0x00000007,0x00000048,0x00000035,0x00050081,0x00000007,0x0000004c,0x00000048,
	0x0000004b,0x0003003e,0x0000004d,0x0000004c,0x00050039,0x00000006,0x0000004e,0x0000000b,
	0x0000004d,0x00050041,0x0000001e,0x0000004f,0x00000038,0x0000001d,0x0004003d,0x00000006,
	0x00000050,0x0000004f,0x0008000c,0x00000006,0x00000051,0x00000001,0x0000002e,0x00000047,
	0x0000004e,0x00000050,0x0004003d,0x00000007,0x00000052,0x00000035,0x00050081,0x00000007,
	0x00000054,0x00000052,0x00000053,0x0003003e,0x00000055,0x00000054,0x00050039,0x00000006,
	0x00000056,0x0000000b,0x00000055,0x0004003d,0x00000007,0x00000057,0x00000035,0x00050081,
	0x00000007,0x00000059,0x00000057,0x00000058,0x0003003e,0x0000005a,0x00000059,0x00050039,
	0x00000006,0x0000005b,0x0000000b,0x0000005a,0x00050041,0x0000001e,0x0000005c,0x00000038,
	0x0000001d,0x0004003d,0x00000006,0x0000005d,0x0000005c,0x0008000c,0x00000006,0x0000005e,
	0x00000001,0x0000002e,0x00000056,0x0000005b,0x0000005d,0x00050041,0x0000001e,0x0000005f,
	0x00000038,0x00000021,0x0004003d,0x00000006,0x00000060,0x0000005f,0x0008000c,0x00000006,
	0x00000061,0x00000001,0x0000002e,0x00000051,0x0000005e,0x00000060,0x0004003d,0x00000007,
	0x00000062,0x00000035,0x00050081,0x00000007,0x00000064,0x00000062,0x00000063,0x0003003e,
	0x00000065,0x00000064,0x00050039,0x00000006,0x00000066,0x0000000b,0x00000065,0x0004003d,
	0x00000007,0x00000067,0x00000035,0x00050081,0x00000007,0x00000069,0x00000067,0x00000068,
	0x0003003e,0x0000006a,0x00000069,0x00050039,0x00000006,0x0000006b,0x0000000b,0x0000006a,
	0x00050041,0x0000001e,0x0000006c,0x00000038,0x0000001d,0x0004003d,0x00000006,0x0000006d,
	0x0000006c,0x0008000c,0x00000006,0x0000006e,0x00000001,0x0000002e,0x00000066,0x0000006b,
	0x0000006d,0x0004003d,0x00000007,0x0000006f,0x00000035,0x00050081,0x00000007,0x00000071,
	0x0000006f,0x00000070,0x0003003e,0x00000072,0x00000071,0x00050039,0x00000006,0x00000073,
	0x0000000b,0x00000072,0x0004003d,0x00000007,0x00000074,0x00000035,0x00050081,0x00000007,
	0x00000076,0x00000074,0x00000075,0x0003003e,0x00000077,0x00000076,0x00050039,0x00000006,
	0x00000078,0x0000000b,0x00000077,0x00050041,0x0000001e,0x00000079,0x00000038,0x0000001d,
	0x0004003d,0x00000006,0x0000007a,0x00000079,0x0008000c,0x00000006,0x0000007b,0x00000001,
	0x0000002e,0x00000073,0x00000078,0x0000007a,0x00050041,0x0000001e,0x0000007c,0x00000038,
	0x00000021,0x0004003d,0x00000006,0x0000007d,0x0000007c,0x0008000c,0x00000006,0x0000007e,
	0x00000001,0x0000002e,0x0000006e,0x0000007b,0x0000007d,0x00050041,0x0000001e,0x0000007f,
	0x00000038,0x00000025,0x0004003d,0x00000006,0x00000080,0x0000007f,0x0008000c,0x00000006,
	0x00000081,0x00000001,0x0000002e,0x00000061,0x0000007e,0x00000080,0x000200fe,0x00000081,
	0x00010038
};
static const std::size_t kSceneShadowFragSpvWordCount = sizeof(kSceneShadowFragSpv) / sizeof(kSceneShadowFragSpv[0]);

static const std::uint32_t kSceneModelVertSpv[] = {
	0x07230203,0x00010000,0x0008000b,0x0000014a,0x00000000,0x00020011,0x00000001,0x0006000b,
	0x00000001,0x4c534c47,0x6474732e,0x3035342e,0x00000000,0x0003000e,0x00000000,0x00000001,
	0x001c000f,0x00000000,0x00000004,0x6e69616d,0x00000000,0x0000000c,0x0000000e,0x00000010,
	0x00000012,0x0000002f,0x00000032,0x00000034,0x00000044,0x0000004e,0x0000010b,0x00000117,
	0x00000125,0x00000127,0x00000129,0x0000012a,0x0000012c,0x0000012d,0x0000012f,0x00000132,
	0x00000133,0x00000135,0x00000136,0x00000139,0x00030003,0x00000002,0x000001c2,0x00040005,
	0x00000004,0x6e69616d,0x00000000,0x00060005,0x0000000a,0x74736e69,0x65636e61,0x65646f4d,
	0x0000006c,0x00070005,0x0000000c,0x6e496e69,0x6e617473,0x6f4d6563,0x306c6564,0x00000000,
	0x00070005,0x0000000e,0x6e496e69,0x6e617473,0x6f4d6563,0x316c6564,0x00000000,0x00070005,
	0x00000010,0x6e496e69,0x6e617473,0x6f4d6563,0x326c6564,0x00000000,0x00070005,0x00000012,
	0x6e496e69,0x6e617473,0x6f4d6563,0x336c6564,0x00000000,0x00060005,0x0000002d,0x6e696b73,
	0x5064656e,0x7469736f,0x006e6f69,0x00050005,0x0000002f,0x6f506e69,0x69746973,0x00006e6f,
	0x00060005,0x00000031,0x6e696b73,0x4e64656e,0x616d726f,0x0000006c,0x00050005,0x00000032,
	0x6f4e6e69,0x6c616d72,0x00000000,0x00050005,0x00000034,0x65576e69,0x74686769,0x00000073,
	0x00040005,0x00000040,0x6e696f6a,0x00000074,0x00050005,0x00000044,0x6f4a6e69,0x73746e69,
	0x00000000,0x00050005,0x0000004c,0x6e696b73,0x7274614d,0x00007869,0x00050005,0x0000004e,
	0x6b536e69,0x6e496e69,0x00786564,0x00060005,0x0000005a,0x6e696b53,0x66696e55,0x736d726f,
	0x00000000,0x00060006,0x0000005a,0x00000000,0x6e696f6a,0x74614d74,0x00000073,0x00060005,
	0x0000005c,0x79616c70,0x6b537265,0x6c426e69,0x006b636f,0x00070005,0x000000a7,0x6d656e45,
	0x696b5379,0x696e556e,0x6d726f66,0x00000073,0x00060006,0x000000a7,0x00000000,0x6e696f6a,
	0x74614d74,0x00000073,0x00060005,0x000000a9,0x6d656e65,0x696b5379,0x6f6c426e,0x00006b63,
	0x00060005,0x00000100,0x6c726f77,0x736f5064,0x6f697469,0x0000006e,0x00060005,0x00000109,
	0x505f6c67,0x65567265,0x78657472,0x00000000,0x00060006,0x00000109,0x00000000,0x505f6c67,
	0x7469736f,0x006e6f69,0x00070006,0x00000109,0x00000001,0x505f6c67,0x746e696f,0x657a6953,
	0x00000000,0x00070006,0x00000109,0x00000002,0x435f6c67,0x4470696c,0x61747369,0x0065636e,
	0x00070006,0x00000109,0x00000003,0x435f6c67,0x446c6c75,0x61747369,0x0065636e,0x00030005,
	0x0000010b,0x00000000,0x00060005,0x0000010c,0x6e656353,0x696e5565,0x6d726f66,0x00000073,
	0x00050006,0x0000010c,0x00000000,0x65627563,0x0070764d,0x00050006,0x0000010c,0x00000001,
	0x4d796b73,0x00007076,0x00060006,0x0000010c,0x00000002,0x65646f6d,0x70764d6c,0x00000000,
	0x00060006,0x0000010c,0x00000003,0x65646f6d,0x74614d6c,0x00786972,0x00070006,0x0000010c,
	0x00000004,0x656d6163,0x6f506172,0x69746973,0x00006e6f,0x00070006,0x0000010c,0x00000005,
	0x656d6163,0x6f546172,0x6c726f57,0x00000064,0x00060006,0x0000010c,0x00000006,0x64616873,
	0x764d776f,0x00000070,0x00060006,0x0000010c,0x00000007,0x77656976,0x6a6f7250,0x00000000,
	0x00040005,0x0000010e,0x6e656373,0x00000065,0x00040005,0x00000117,0x726f4e76,0x006c616d,
	0x00050005,0x00000125,0x78655476,0x726f6f43,0x00000064,0x00050005,0x00000127,0x65546e69,
	0x6f6f4378,0x00006472,0x00070005,0x00000129,0x73614276,0x6c6f4365,0x6146726f,0x726f7463,
	0x00000000,0x00070005,0x0000012a,0x61426e69,0x6f436573,0x46726f6c,0x6f746361,0x00000072,
	0x00060005,0x0000012c,0x736e4976,0x636e6174,0x72614d65,0x0072656b,0x00060005,0x0000012d,
	0x6e496e69,0x6e617473,0x6f436563,0x00726f6c,0x00060005,0x0000012f,0x726f5776,0x6f50646c,
	0x69746973,0x00006e6f,0x00070005,0x00000132,0x74614d76,0x61697265,0x7261506c,0x30736d61,
	0x00000000,0x00070005,0x00000133,0x614d6e69,0x69726574,0x61506c61,0x736d6172,0x00000030,
	0x00070005,0x00000135,0x74614d76,0x61697265,0x7261506c,0x31736d61,0x00000000,0x00070005,
	0x00000136,0x614d6e69,0x69726574,0x61506c61,0x736d6172,0x00000031,0x00050005,0x00000139,
	0x73694476,0x766c6f73,0x00000065,0x00070005,0x00000141,0x65646f4d,0x7375506c,0x6e6f4368,
	0x6e617473,0x00007374,0x00040006,0x00000141,0x00000000,0x0070766d,0x00050006,0x00000141,
	0x00000001,0x65646f6d,0x0000006c,0x00060006,0x00000141,0x00000002,0x73736964,0x65766c6f,
	0x00000000,0x00040006,0x00000141,0x00000003,0x00646170,0x00040005,0x00000143,0x656a626f,
	0x00007463,0x00040047,0x0000000c,0x0000001e,0x00000008,0x00040047,0x0000000e,0x0000001e,
	0x00000009,0x00040047,0x00000010,0x0000001e,0x0000000a,0x00040047,0x00000012,0x0000001e,
	0x0000000b,0x00040047,0x0000002f,0x0000001e,0x00000000,0x00040047,0x00000032,0x0000001e,
	0x00000001,0x00040047,0x00000034,0x0000001e,0x00000007,0x00040047,0x00000044,0x0000001e,
	0x00000006,0x00040047,0x0000004e,0x0000001e,0x0000000d,0x00040047,0x00000059,0x00000006,
	0x00000040,0x00040048,0x0000005a,0x00000000,0x00000005,0x00050048,0x0000005a,0x00000000,
	0x00000023,0x00000000,0x00050048,0x0000005a,0x00000000,0x00000007,0x00000010,0x00030047,
	0x0000005a,0x00000002,0x00040047,0x0000005c,0x00000022,0x00000000,0x00040047,0x0000005c,
	0x00000021,0x00000007,0x00040047,0x000000a6,0x00000006,0x00000040,0x00040048,0x000000a7,
	0x00000000,0x00000005,0x00050048,0x000000a7,0x00000000,0x00000023,0x00000000,0x00050048,
	0x000000a7,0x00000000,0x00000007,0x00000010,0x00030047,0x000000a7,0x00000002,0x00040047,
	0x000000a9,0x00000022,0x00000000,0x00040047,0x000000a9,0x00000021,0x0000000c,0x00050048,
	0x00000109,0x00000000,0x0000000b,0x00000000,0x00050048,0x00000109,0x00000001,0x0000000b,
	0x00000001,0x00050048,0x00000109,0x00000002,0x0000000b,0x00000003,0x00050048,0x00000109,
	0x00000003,0x0000000b,0x00000004,0x00030047,0x00000109,0x00000002,0x00040048,0x0000010c,
	0x00000000,0x00000005,0x00050048,0x0000010c,0x00000000,0x00000023,0x00000000,0x00050048,
	0x0000010c,0x00000000,0x00000007,0x00000010,0x00040048,0x0000010c,0x00000001,0x00000005,
	0x00050048,0x0000010c,0x00000001,0x00000023,0x00000040,0x00050048,0x0000010c,0x00000001,
	0x00000007,0x00000010,0x00040048,0x0000010c,0x00000002,0x00000005,0x00050048,0x0000010c,
	0x00000002,0x00000023,0x00000080,0x00050048,0x0000010c,0x00000002,0x00000007,0x00000010,
	0x00040048,0x0000010c,0x00000003,0x00000005,0x00050048,0x0000010c,0x00000003,0x00000023,
	0x000000c0,0x00050048,0x0000010c,0x00000003,0x00000007,0x00000010,0x00050048,0x0000010c,
	0x00000004,0x00000023,0x00000100,0x00040048,0x0000010c,0x00000005,0x00000005,0x00050048,
	0x0000010c,0x00000005,0x00000023,0x00000110,0x00050048,0x0000010c,0x00000005,0x00000007,
	0x00000010,0x00040048,0x0000010c,0x00000006,0x00000005,0x00050048,0x0000010c,0x00000006,
	0x00000023,0x00000150,0x00050048,0x0000010c,0x00000006,0x00000007,0x00000010,0x00040048,
	0x0000010c,0x00000007,0x00000005,0x00050048,0x0000010c,0x00000007,0x00000023,0x00000190,
	0x00050048,0x0000010c,0x00000007,0x00000007,0x00000010,0x00030047,0x0000010c,0x00000002,
	0x00040047,0x0000010e,0x00000022,0x00000000,0x00040047,0x0000010e,0x00000021,0x00000000,
	0x00040047,0x00000117,0x0000001e,0x00000000,0x00040047,0x00000125,0x0000001e,0x00000001,
	0x00040047,0x00000127,0x0000001e,0x00000002,0x00040047,0x00000129,0x0000001e,0x00000002,
	0x00040047,0x0000012a,0x0000001e,0x00000003,0x00040047,0x0000012c,0x0000001e,0x00000006,
	0x00040047,0x0000012d,0x0000001e,0x0000000c,0x00040047,0x0000012f,0x0000001e,0x00000003,
	0x00040047,0x00000132,0x0000001e,0x00000004,0x00040047,0x00000133,0x0000001e,0x00000004,
	0x00040047,0x00000135,0x0000001e,0x00000005,0x00040047,0x00000136,0x0000001e,0x00000005,
	0x00030047,0x00000139,0x0000000e,0x00040047,0x00000139,0x0000001e,0x00000007,0x00040047,
	0x00000140,0x00000006,0x00000004,0x00040048,0x00000141,0x00000000,0x00000005,0x00050048,
	0x00000141,0x00000000,0x00000023,0x00000000,0x00050048,0x00000141,0x00000000,0x00000007,
	0x00000010,0x00040048,0x00000141,0x00000001,0x00000005,0x00050048,0x00000141,0x00000001,
	0x00000023,0x00000040,0x00050048,0x00000141,0x00000001,0x00000007,0x00000010,0x00050048,
	0x00000141,0x00000002,0x00000023,0x00000080,0x00050048,0x00000141,0x00000003,0x00000023,
	0x00000084,0x00030047,0x00000141,0x00000002,0x00020013,0x00000002,0x00030021,0x00000003,
	0x00000002,0x00030016,0x00000006,0x00000020,0x00040017,0x00000007,0x00000006,0x00000004,
	0x00040018,0x00000008,0x00000007,0x00000004,0x00040020,0x00000009,0x00000007,0x00000008,
	0x00040020,0x0000000b,0x00000001,0x00000007,0x0004003b,0x0000000b,0x0000000c,0x00000001,
	0x0004003b,0x0000000b,0x0000000e,0x00000001,0x0004003b,0x0000000b,0x00000010,0x00000001,
	0x0004003b,0x0000000b,0x00000012,0x00000001,0x0004002b,0x00000006,0x00000014,0x3f800000,
	0x0004002b,0x00000006,0x00000015,0x00000000,0x00040017,0x0000002b,0x00000006,0x00000003,
	0x00040020,0x0000002c,0x00000007,0x0000002b,0x00040020,0x0000002e,0x00000001,0x0000002b,
	0x0004003b,0x0000002e,0x0000002f,0x00000001,0x0004003b,0x0000002e,0x00000032,0x00000001,
	0x0004003b,0x0000000b,0x00000034,0x00000001,0x0007002c,0x00000007,0x00000036,0x00000014,
	0x00000014,0x00000014,0x00000014,0x0004002b,0x00000006,0x00000038,0x3a83126f,0x00020014,
	0x00000039,0x00040015,0x0000003d,0x00000020,0x00000001,0x00040017,0x0000003e,0x0000003d,
	0x00000004,0x00040020,0x0000003f,0x00000007,0x0000003e,0x00040015,0x00000041,0x00000020,
	0x00000000,0x00040017,0x00000042,0x00000041,0x00000004,0x00040020,0x00000043,0x00000001,
	0x00000042,0x0004003b,0x00000043,0x00000044,0x00000001,0x0004002b,0x0000003d,0x00000047,
	0x00000000,0x0007002c,0x0000003e,0x00000048,0x00000047,0x00000047,0x00000047,0x00000047,
	0x0004002b,0x0000003d,0x00000049,0x000000ff,0x0007002c,0x0000003e,0x0000004a,0x00000049,
	0x00000049,0x00000049,0x00000049,0x00040020,0x0000004d,0x00000001,0x00000041,0x0004003b,
	0x0000004d,0x0000004e,0x00000001,0x0004002b,0x00000041,0x00000050,0x00000000,0x00040020,
	0x00000055,0x00000001,0x00000006,0x0004002b,0x00000041,0x00000058,0x00000100,0x0004001c,
	0x00000059,0x00000008,0x00000058,0x0003001e,0x0000005a,0x00000059,0x00040020,0x0000005b,
	0x00000002,0x0000005a,0x0004003b,0x0000005b,0x0000005c,0x00000002,0x00040020,0x0000005d,
	0x00000007,0x0000003d,0x00040020,0x00000060,0x00000002,0x00000008,0x0004002b,0x00000041,
	0x00000064,0x00000001,0x0004002b,0x00000041,0x00000079,0x00000002,0x0004002b,0x00000041,
	0x0000008e,0x00000003,0x0004001c,0x000000a6,0x00000008,0x00000058,0x0003001e,0x000000a7,
	0x000000a6,0x00040020,0x000000a8,0x00000002,0x000000a7,0x0004003b,0x000000a8,0x000000a9,
	0x00000002,0x00040018,0x000000f5,0x0000002b,0x00000003,0x00040020,0x000000ff,0x00000007,
	0x00000007,0x0004001c,0x00000108,0x00000006,0x00000064,0x0006001e,0x00000109,0x00000007,
	0x00000006,0x00000108,0x00000108,0x00040020,0x0000010a,0x00000003,0x00000109,0x0004003b,
	0x0000010a,0x0000010b,0x00000003,0x000a001e,0x0000010c,0x00000008,0x00000008,0x00000008,
	0x00000008,0x00000007,0x00000008,0x00000008,0x00000008,0x00040020,0x0000010d,0x00000002,
	0x0000010c,0x0004003b,0x0000010d,0x0000010e,0x00000002,0x0004002b,0x0000003d,0x0000010f,
	0x00000007,0x00040020,0x00000114,0x00000003,0x00000007,0x00040020,0x00000116,0x00000003,
	0x0000002b,0x0004003b,0x00000116,0x00000117,0x00000003,0x00040017,0x00000123,0x00000006,
	0x00000002,0x00040020,0x00000124,0x00000003,0x00000123,0x0004003b,0x00000124,0x00000125,
	0x00000003,0x00040020,0x00000126,0x00000001,0x00000123,0x0004003b,0x00000126,0x00000127,
	0x00000001,0x0004003b,0x00000114,0x00000129,0x00000003,0x0004003b,0x0000000b,0x0000012a,
	0x00000001,0x0004003b,0x00000114,0x0000012c,0x00000003,0x0004003b,0x0000000b,0x0000012d,
	0x00000001,0x0004003b,0x00000116,0x0000012f,0x00000003,0x0004003b,0x00000114,0x00000132,
	0x00000003,0x0004003b,0x0000000b,0x00000133,0x00000001,0x0004003b,0x00000114,0x00000135,
	0x00000003,0x0004003b,0x0000000b,0x00000136,0x00000001,0x00040020,0x00000138,0x00000003,
	0x00000006,0x0004003b,0x00000138,0x00000139,0x00000003,0x00040020,0x0000013c,0x00000007,
	0x00000006,0x0004001c,0x00000140,0x00000006,0x0000008e,0x0006001e,0x00000141,0x00000008,
	0x00000008,0x00000006,0x00000140,0x00040020,0x00000142,0x00000009,0x00000141,0x0004003b,
	0x00000142,0x00000143,0x00000009,0x0004002b,0x0000003d,0x00000144,0x00000002,0x00040020,
	0x00000145,0x00000009,0x00000006,0x00050036,0x00000002,0x00000004,0x00000000,0x00000003,
	0x000200f8,0x00000005,0x0004003b,0x00000009,0x0000000a,0x00000007,0x0004003b,0x0000002c,
	0x0000002d,0x00000007,0x0004003b,0x0000002c,0x00000031,0x00000007,0x0004003b,0x0000003f,
	0x00000040,0x00000007,0x0004003b,0x00000009,0x0000004c,0x00000007,0x0004003b,0x00000009,
	0x00000052,0x00000007,0x0004003b,0x000000ff,0x00000100,0x00000007,0x0004003b,0x0000013c,
	0x0000013d,0x00000007,0x0004003d,0x00000007,0x0000000d,0x0000000c,0x0004003d,0x00000007,
	0x0000000f,0x0000000e,0x0004003d,0x00000007,0x00000011,0x00000010,0x0004003d,0x00000007,
	0x00000013,0x00000012,0x00050051,0x00000006,0x00000016,0x0000000d,0x00000000,0x00050051,
	0x00000006,0x00000017,0x0000000d,0x00000001,0x00050051,0x00000006,0x00000018,0x0000000d,
	0x00000002,0x00050051,0x00000006,0x00000019,0x0000000d,0x00000003,0x00050051,0x00000006,
	0x0000001a,0x0000000f,0x00000000,0x00050051,0x00000006,0x0000001b,0x0000000f,0x00000001,
	0x00050051,0x00000006,0x0000001c,0x0000000f,0x00000002,0x00050051,0x00000006,0x0000001d,
	0x0000000f,0x00000003,0x00050051,0x00000006,0x0000001e,0x00000011,0x00000000,0x00050051,
	0x00000006,0x0000001f,0x00000011,0x00000001,0x00050051,0x00000006,0x00000020,0x00000011,
	0x00000002,0x00050051,0x00000006,0x00000021,0x00000011,0x00000003,0x00050051,0x00000006,
	0x00000022,0x00000013,0x00000000,0x00050051,0x00000006,0x00000023,0x00000013,0x00000001,
	0x00050051,0x00000006,0x00000024,0x00000013,0x00000002,0x00050051,0x00000006,0x00000025,
	0x00000013,0x00000003,0x00070050,0x00000007,0x00000026,0x00000016,0x00000017,0x00000018,
	0x00000019,0x00070050,0x00000007,0x00000027,0x0000001a,0x0000001b,0x0000001c,0x0000001d,
	0x00070050,0x00000007,0x00000028,0x0000001e,0x0000001f,0x00000020,0x00000021,0x00070050,
	0x00000007,0x00000029,0x00000022,0x00000023,0x00000024,0x00000025,0x00070050,0x00000008,
	0x0000002a,0x00000026,0x00000027,0x00000028,0x00000029,0x0003003e,0x0000000a,0x0000002a,
	0x0004003d,0x0000002b,0x00000030,0x0000002f,0x0003003e,0x0000002d,0x00000030,0x0004003d,
	0x0000002b,0x00000033,0x00000032,0x0003003e,0x00000031,0x00000033,0x0004003d,0x00000007,
	0x00000035,0x00000034,0x00050094,0x00000006,0x00000037,0x00000035,0x00000036,0x000500ba,
	0x00000039,0x0000003a,0x00000037,0x00000038,0x000300f7,0x0000003c,0x00000000,0x000400fa,
	0x0000003a,0x0000003b,0x0000003c,0x000200f8,0x0000003b,0x0004003d,0x00000042,0x00000045,
	0x00000044,0x0004007c,0x0000003e,0x00000046,0x00000045,0x0008000c,0x0000003e,0x0000004b,
	0x00000001,0x0000002d,0x00000046,0x00000048,0x0000004a,0x0003003e,0x00000040,0x0000004b,
	0x0004003d,0x00000041,0x0000004f,0x0000004e,0x000500aa,0x00000039,0x00000051,0x0000004f,
	0x00000050,0x000300f7,0x00000054,0x00000000,0x000400fa,0x00000051,0x00000053,0x000000a3,
	0x000200f8,0x00000053,0x00050041,0x00000055,0x00000056,0x00000034,0x00000050,0x0004003d,
	0x00000006,0x00000057,0x00000056,0x00050041,0x0000005d,0x0000005e,0x00000040,0x00000050,
	0x0004003d,0x0000003d,0x0000005f,0x0000005e,0x00060041,0x00000060,0x00000061,0x0000005c,
	0x00000047,0x0000005f,0x0004003d,0x00000008,0x00000062,0x00000061,0x0005008f,0x00000008,
	0x00000063,0x00000062,0x00000057,0x00050041,0x00000055,0x00000065,0x00000034,0x00000064,
	0x0004003d,0x00000006,0x00000066,0x00000065,0x00050041,0x0000005d,0x00000067,0x00000040,
	0x00000064,0x0004003d,0x0000003d,0x00000068,0x00000067,0x00060041,0x00000060,0x00000069,
	0x0000005c,0x00000047,0x00000068,0x0004003d,0x00000008,0x0000006a,0x00000069,0x0005008f,
	0x00000008,0x0000006b,0x0000006a,0x00000066,0x00050051,0x00000007,0x0000006c,0x00000063,
	0x00000000,0x00050051,0x00000007,0x0000006d,0x0000006b,0x00000000,0x00050081,0x00000007,
	0x0000006e,0x0000006c,0x0000006d,0x00050051,0x00000007,0x0000006f,0x00000063,0x00000001,
	0x00050051,0x00000007,0x00000070,0x0000006b,0x00000001,0x00050081,0x00000007,0x00000071,
	0x0000006f,0x00000070,0x00050051,0x00000007,0x00000072,0x00000063,0x00000002,0x00050051,
	0x00000007,0x00000073,0x0000006b,0x00000002,0x00050081,0x00000007,0x00000074,0x00000072,
	0x00000073,0x00050051,0x00000007,0x00000075,0x00000063,0x00000003,0x00050051,0x00000007,
	0x00000076,0x0000006b,0x00000003,0x00050081,0x00000007,0x00000077,0x00000075,0x00000076,
	0x00070050,0x00000008,0x00000078,0x0000006e,0x00000071,0x00000074,0x00000077,0x00050041,
	0x00000055,0x0000007a,0x00000034,0x00000079,0x0004003d,0x00000006,0x0000007b,0x0000007a,
	0x00050041,0x0000005d,0x0000007c,0x00000040,0x00000079,0x0004003d,0x0000003d,0x0000007d,
	0x0000007c,0x00060041,0x00000060,0x0000007e,0x0000005c,0x00000047,0x0000007d,0x0004003d,
	0x00000008,0x0000007f,0x0000007e,0x0005008f,0x00000008,0x00000080,0x0000007f,0x0000007b,
	0x00050051,0x00000007,0x00000081,0x00000078,0x00000000,0x00050051,0x00000007,0x00000082,
	0x00000080,0x00000000,0x00050081,0x00000007,0x00000083,0x00000081,0x00000082,0x00050051,
	0x00000007,0x00000084,0x00000078,0x00000001,0x00050051,0x00000007,0x00000085,0x00000080,
	0x00000001,0x00050081,0x00000007,0x00000086,0x00000084,0x00000085,0x00050051,0x00000007,
	0x00000087,0x00000078,0x00000002,0x00050051,0x00000007,0x00000088,0x00000080,0x00000002,
	0x00050081,0x00000007,0x00000089,0x00000087,0x00000088,0x00050051,0x00000007,0x0000008a,
	0x00000078,0x00000003,0x00050051,0x00000007,0x0000008b,0x00000080,0x00000003,0x00050081,
	0x00000007,0x0000008c,0x0000008a,0x0000008b,0x00070050,0x00000008,0x0000008d,0x00000083,
	0x00000086,0x00000089,0x0000008c,0x00050041,0x00000055,0x0000008f,0x00000034,0x0000008e,
	0x0004003d,0x00000006,0x00000090,0x0000008f,0x00050041,0x0000005d,0x00000091,0x00000040,
	0x0000008e,0x0004003d,0x0000003d,0x00000092,0x00000091,0x00060041,0x00000060,0x00000093,
	0x0000005c,0x00000047,0x00000092,0x0004003d,0x00000008,0x00000094,0x00000093,0x0005008f,
	0x00000008,0x00000095,0x00000094,0x00000090,0x00050051,0x00000007,0x00000096,0x0000008d,
	0x00000000,0x00050051,0x00000007,0x00000097,0x00000095,0x00000000,0x00050081,0x00000007,
	0x00000098,0x00000096,0x00000097,0x00050051,0x00000007,0x00000099,0x0000008d,0x00000001,
	0x00050051,0x00000007,0x0000009a,0x00000095,0x00000001,0x00050081,0x00000007,0x0000009b,
	0x00000099,0x0000009a,0x00050051,0x00000007,0x0000009c,0x0000008d,0x00000002,0x00050051,
	0x00000007,0x0000009d,0x00000095,0x00000002,0x00050081,0x00000007,0x0000009e,0x0000009c,
	0x0000009d,0x00050051,0x00000007,0x0000009f,0x0000008d,0x00000003,0x00050051,0x00000007,
	0x000000a0,0x00000095,0x00000003,0x00050081,0x00000007,0x000000a1,0x0000009f,0x000000a0,
	0x00070050,0x00000008,0x000000a2,0x00000098,0x0000009b,0x0000009e,0x000000a1,0x0003003e,
	0x00000052,0x000000a2,0x000200f9,0x00000054,0x000200f8,0x000000a3,0x00050041,0x00000055,
	0x000000a4,0x00000034,0x00000050,0x0004003d,0x00000006,0x000000a5,0x000000a4,0x00050041,
	0x0000005d,0x000000aa,0x00000040,0x00000050,0x0004003d,0x0000003d,0x000000ab,0x000000aa,
	0x00060041,0x00000060,0x000000ac,0x000000a9,0x00000047,0x000000ab,0x0004003d,0x00000008,
	0x000000ad,0x000000ac,0x0005008f,0x00000008,0x000000ae,0x000000ad,0x000000a5,0x00050041,
	0x00000055,0x000000af,0x00000034,0x00000064,0x0004003d,0x00000006,0x000000b0,0x000000af,
	0x00050041,0x0000005d,0x000000b1,0x00000040,0x00000064,0x0004003d,0x0000003d,0x000000b2,
	0x000000b1,0x00060041,0x00000060,0x000000b3,0x000000a9,0x00000047,0x000000b2,0x0004003d,
	0x00000008,0x000000b4,0x000000b3,0x0005008f,0x00000008,0x000000b5,0x000000b4,0x000000b0,
	0x00050051,0x00000007,0x000000b6,0x000000ae,0x00000000,0x00050051,0x00000007,0x000000b7,
	0x000000b5,0x00000000,0x00050081,0x00000007,0x000000b8,0x000000b6,0x000000b7,0x00050051,
	0x00000007,0x000000b9,0x000000ae,0x00000001,0x00050051,0x00000007,0x000000ba,0x000000b5,
	0x00000001,0x00050081,0x00000007,0x000000bb,0x000000b9,0x000000ba,0x00050051,0x00000007,
	0x000000bc,0x000000ae,0x00000002,0x00050051,0x00000007,0x000000bd,0x000000b5,0x00000002,
	0x00050081,0x00000007,0x000000be,0x000000bc,0x000000bd,0x00050051,0x00000007,0x000000bf,
	0x000000ae,0x00000003,0x00050051,0x00000007,0x000000c0,0x000000b5,0x00000003,0x00050081,
	0x00000007,0x000000c1,0x000000bf,0x000000c0,0x00070050,0x00000008,0x000000c2,0x000000b8,
	0x000000bb,0x000000be,0x000000c1,0x00050041,0x00000055,0x000000c3,0x00000034,0x00000079,
	0x0004003d,0x00000006,0x000000c4,0x000000c3,0x00050041,0x0000005d,0x000000c5,0x00000040,
	0x00000079,0x0004003d,0x0000003d,0x000000c6,0x000000c5,0x00060041,0x00000060,0x000000c7,
	0x000000a9,0x00000047,0x000000c6,0x0004003d,0x00000008,0x000000c8,0x000000c7,0x0005008f,
	0x00000008,0x000000c9,0x000000c8,0x000000c4,0x00050051,0x00000007,0x000000ca,0x000000c2,
	0x00000000,0x00050051,0x00000007,0x000000cb,0x000000c9,0x00000000,0x00050081,0x00000007,
	0x000000cc,0x000000ca,0x000000cb,0x00050051,0x00000007,0x000000cd,0x000000c2,0x00000001,
	0x00050051,0x00000007,0x000000ce,0x000000c9,0x00000001,0x00050081,0x00000007,0x000000cf,
	0x000000cd,0x000000ce,0x00050051,0x00000007,0x000000d0,0x000000c2,0x00000002,0x00050051,
	0x00000007,0x000000d1,0x000000c9,0x00000002,0x00050081,0x00000007,0x000000d2,0x000000d0,
	0x000000d1,0x00050051,0x00000007,0x000000d3,0x000000c2,0x00000003,0x00050051,0x00000007,
	0x000000d4,0x000000c9,0x00000003,0x00050081,0x00000007,0x000000d5,0x000000d3,0x000000d4,
	0x00070050,0x00000008,0x000000d6,0x000000cc,0x000000cf,0x000000d2,0x000000d5,0x00050041,
	0x00000055,0x000000d7,0x00000034,0x0000008e,0x0004003d,0x00000006,0x000000d8,0x000000d7,
	0x00050041,0x0000005d,0x000000d9,0x00000040,0x0000008e,0x0004003d,0x0000003d,0x000000da,
	0x000000d9,0x00060041,0x00000060,0x000000db,0x000000a9,0x00000047,0x000000da,0x0004003d,
	0x00000008,0x000000dc,0x000000db,0x0005008f,0x00000008,0x000000dd,0x000000dc,0x000000d8,
	0x00050051,0x00000007,0x000000de,0x000000d6,0x00000000,0x00050051,0x00000007,0x000000df,
	0x000000dd,0x00000000,0x00050081,0x00000007,0x000000e0,0x000000de,0x000000df,0x00050051,
	0x00000007,0x000000e1,0x000000d6,0x00000001,0x00050051,0x00000007,0x000000e2,0x000000dd,
	0x00000001,0x00050081,0x00000007,0x000000e3,0x000000e1,0x000000e2,0x00050051,0x00000007,
	0x000000e4,0x000000d6,0x00000002,0x00050051,0x00000007,0x000000e5,0x000000dd,0x00000002,
	0x00050081,0x00000007,0x000000e6,0x000000e4,0x000000e5,0x00050051,0x00000007,0x000000e7,
	0x000000d6,0x00000003,0x00050051,0x00000007,0x000000e8,0x000000dd,0x00000003,0x00050081,
	0x00000007,0x000000e9,0x000000e7,0x000000e8,0x00070050,0x00000008,0x000000ea,0x000000e0,
	0x000000e3,0x000000e6,0x000000e9,0x0003003e,0x00000052,0x000000ea,0x000200f9,0x00000054,
	0x000200f8,0x00000054,0x0004003d,0x00000008,0x000000eb,0x00000052,0x0003003e,0x0000004c,
	0x000000eb,0x0004003d,0x00000008,0x000000ec,0x0000004c,0x0004003d,0x0000002b,0x000000ed,
	0x0000002f,0x00050051,0x00000006,0x000000ee,0x000000ed,0x00000000,0x00050051,0x00000006,
	0x000000ef,0x000000ed,0x00000001,0x00050051,0x00000006,0x000000f0,0x000000ed,0x00000002,
	0x00070050,0x00000007,0x000000f1,0x000000ee,0x000000ef,0x000000f0,0x00000014,0x00050091,
	0x00000007,0x000000f2,0x000000ec,0x000000f1,0x0008004f,0x0000002b,0x000000f3,0x000000f2,
	0x000000f2,0x00000000,0x00000001,0x00000002,0x0003003e,0x0000002d,0x000000f3,0x0004003d,
	0x00000008,0x000000f4,0x0000004c,0x00050051,0x00000007,0x000000f6,0x000000f4,0x00000000,
	0x0008004f,0x0000002b,0x000000f7,0x000000f6,0x000000f6,0x00000000,0x00000001,0x00000002,
	0x00050051,0x00000007,0x000000f8,0x000000f4,0x00000001,0x0008004f,0x0000002b,0x000000f9,
	0x000000f8,0x000000f8,0x00000000,0x00000001,0x00000002,0x00050051,0x00000007,0x000000fa,
	0x000000f4,0x00000002,0x0008004f,0x0000002b,0x000000fb,0x000000fa,0x000000fa,0x00000000,
	0x00000001,0x00000002,0x00060050,0x000000f5,0x000000fc,0x000000f7,0x000000f9,0x000000fb,
	0x0004003d,0x0000002b,0x000000fd,0x00000032,0x00050091,0x0000002b,0x000000fe,0x000000fc,
	0x000000fd,0x0003003e,0x00000031,0x000000fe,0x000200f9,0x0000003c,0x000200f8,0x0000003c,
	0x0004003d,0x00000008,0x00000101,0x0000000a,0x0004003d,0x0000002b,0x00000102,0x0000002d,
	0x00050051,0x00000006,0x00000103,0x00000102,0x00000000,0x00050051,0x00000006,0x00000104,
	0x00000102,0x00000001,0x00050051,0x00000006,0x00000105,0x00000102,0x00000002,0x00070050,
	0x00000007,0x00000106,0x00000103,0x00000104,0x00000105,0x00000014,0x00050091,0x00000007,
	0x00000107,0x00000101,0x00000106,0x0003003e,0x00000100,0x00000107,0x00050041,0x00000060,
	0x00000110,0x0000010e,0x0000010f,0x0004003d,0x00000008,0x00000111,0x00000110,0x0004003d,
	0x00000007,0x00000112,0x00000100,0x00050091,0x00000007,0x00000113,0x00000111,0x00000112,
	0x00050041,0x00000114,0x00000115,0x0000010b,0x00000047,0x0003003e,0x00000115,0x00000113,
	0x0004003d,0x00000008,0x00000118,0x0000000a,0x00050051,0x00000007,0x00000119,0x00000118,
	0x00000000,0x0008004f,0x0000002b,0x0000011a,0x00000119,0x00000119,0x00000000,0x00000001,
	0x00000002,0x00050051,0x00000007,0x0000011b,0x00000118,0x00000001,0x0008004f,0x0000002b,
	0x0000011c,0x0000011b,0x0000011b,0x00000000,0x00000001,0x00000002,0x00050051,0x00000007,
	0x0000011d,0x00000118,0x00000002,0x0008004f,0x0000002b,0x0000011e,0x0000011d,0x0000011d,
	0x00000000,0x00000001,0x00000002,0x00060050,0x000000f5,0x0000011f,0x0000011a,0x0000011c,
	0x0000011e,0x0004003d,0x0000002b,0x00000120,0x00000031,0x00050091,0x0000002b,0x00000121,
	0x0000011f,0x00000120,0x0006000c,0x0000002b,0x00000122,0x00000001,0x00000045,0x00000121,
	0x0003003e,0x00000117,0x00000122,0x0004003d,0x00000123,0x00000128,0x00000127,0x0003003e,
	0x00000125,0x00000128,0x0004003d,0x00000007,0x0000012b,0x0000012a,0x0003003e,0x00000129,
	0x0000012b,0x0004003d,0x00000007,0x0000012e,0x0000012d,0x0003003e,0x0000012c,0x0000012e,
	0x0004003d,0x00000007,0x00000130,0x00000100,0x0008004f,0x0000002b,0x00000131,0x00000130,
	0x00000130,0x00000000,0x00000001,0x00000002,0x0003003e,0x0000012f,0x00000131,0x0004003d,
	0x00000007,0x00000134,0x00000133,0x0003003e,0x00000132,0x00000134,0x0004003d,0x00000007,
	0x00000137,0x00000136,0x0003003e,0x00000135,0x00000137,0x0004003d,0x00000041,0x0000013a,
	0x0000004e,0x000500aa,0x00000039,0x0000013b,0x0000013a,0x00000064,0x000300f7,0x0000013f,
	0x00000000,0x000400fa,0x0000013b,0x0000013e,0x00000148,0x000200f8,0x0000013e,0x00050041,
	0x00000145,0x00000146,0x00000143,0x00000144,0x0004003d,0x00000006,0x00000147,0x00000146,
	0x0003003e,0x0000013d,0x00000147,0x000200f9,0x0000013f,0x000200f8,0x00000148,0x0003003e,
	0x0000013d,0x00000015,0x000200f9,0x0000013f,0x000200f8,0x0000013f,0x0004003d,0x00000006,
	0x00000149,0x0000013d,0x0003003e,0x00000139,0x00000149,0x000100fd,0x00010038
};
static const std::size_t kSceneModelVertSpvWordCount = sizeof(kSceneModelVertSpv) / sizeof(kSceneModelVertSpv[0]);

static const std::uint32_t kSceneModelFragSpv[] = {
	0x07230203,0x00010000,0x0008000b,0x00000433,0x00000000,0x00020011,0x00000001,0x0006000b,
	0x00000001,0x4c534c47,0x6474732e,0x3035342e,0x00000000,0x0003000e,0x00000000,0x00000001,
	0x000e000f,0x00000004,0x00000004,0x6e69616d,0x00000000,0x00000261,0x00000265,0x0000026a,
	0x00000286,0x00000299,0x000002a0,0x000002a8,0x00000403,0x00000429,0x00030010,0x00000004,
	0x00000007,0x00030003,0x00000002,0x000001c2,0x00040005,0x00000004,0x6e69616d,0x00000000,
	0x00070005,0x0000000b,0x73736944,0x65766c6f,0x68736148,0x33667628,0x0000003b,0x00030005,
	0x0000000a,0x00000070,0x00070005,0x0000000e,0x73736944,0x65766c6f,0x73696f4e,0x66762865,
	0x00003b33,0x00030005,0x0000000d,0x00000070,0x00070005,0x00000012,0x42475273,0x694c6f54,
	0x7261656e,0x33667628,0x0000003b,0x00040005,0x00000011,0x62677273,0x00000000,0x000a0005,
	0x00000018,0x64616853,0x6956776f,0x69626973,0x7974696c,0x33667628,0x3366763b,0x3366763b,
	0x0000003b,0x00060005,0x00000015,0x6c726f77,0x736f5064,0x6f697469,0x0000006e,0x00030005,
	0x00000016,0x0000004e,0x00030005,0x00000017,0x0000004c,0x00060005,0x0000001e,0x47475f44,
	0x31662858,0x3b31663b,0x00000000,0x00030005,0x0000001c,0x00486f4e,0x00070005,0x0000001d,
	0x63726570,0x75747065,0x6f526c61,0x6e686775,0x00737365,0x000a0005,0x00000024,0x6d535f56,
	0x47687469,0x6f435847,0x6c657272,0x64657461,0x3b316628,0x663b3166,0x00003b31,0x00030005,
	0x00000021,0x00566f4e,0x00030005,0x00000022,0x004c6f4e,0x00070005,0x00000023,0x63726570,
	0x75747065,0x6f526c61,0x6e686775,0x00737365,0x00070005,0x00000029,0x63535f46,0x63696c68,
	0x6676286b,0x31663b33,0x0000003b,0x00030005,0x00000027,0x00003066,0x00030005,0x00000028,
	0x00486f56,0x00080005,0x0000002e,0x63657053,0x6c63634f,0x6f697375,0x3166286e,0x3b31663b,
	0x003b3166,0x00030005,0x0000002b,0x00566f4e,0x00030005,0x0000002c,0x00006f61,0x00050005,
	0x0000002d,0x67756f72,0x73656e68,0x00000073,0x000f0005,0x0000003b,0x6e696f50,0x67694c74,
	0x76287468,0x763b3366,0x763b3366,0x763b3366,0x663b3366,0x66763b31,0x31663b33,0x3b31663b,
	0x3b336676,0x3b336676,0x00000000,0x00050005,0x00000031,0x6867696c,0x736f5074,0x00000000,
	0x00050005,0x00000032,0x6867696c,0x6c6f4374,0x0000726f,0x00030005,0x00000033,0x0000004e,
	0x00030005,0x00000034,0x00000056,0x00030005,0x00000035,0x00566f4e,0x00040005,0x00000036,
	0x65626c61,0x00006f64,0x00050005,0x00000037,0x6174656d,0x63696c6c,0x00000000,0x00050005,
	0x00000038,0x67756f72,0x73656e68,0x00000073,0x00030005,0x00000039,0x00003046,0x00050005,
	0x0000003a,0x6c726f77,0x736f5064,0x00000000,0x000a0005,0x00000044,0x74726550,0x4e627275,
	0x616d726f,0x6676286c,0x66763b33,0x66763b33,0x31663b32,0x0000003b,0x00060005,0x00000040,
	0x6d6f6567,0x69727465,0x726f4e63,0x006c616d,0x00060005,0x00000041,0x6c726f77,0x736f5064,
	0x6f697469,0x0000006e,0x00030005,0x00000042,0x00007675,0x00050005,0x00000043,0x6d726f6e,
	0x63536c61,0x00656c61,0x00030005,0x0000006a,0x00000069,0x00030005,0x0000006d,0x00000066,
	0x00040005,0x0000007a,0x61726170,0x0000006d,0x00040005,0x00000082,0x61726170,0x0000006d,
	0x00040005,0x0000008a,0x61726170,0x0000006d,0x00040005,0x0000008f,0x61726170,0x0000006d,
	0x00040005,0x0000009a,0x61726170,0x0000006d,0x00040005,0x0000009f,0x61726170,0x0000006d,
	0x00040005,0x000000a7,0x61726170,0x0000006d,0x00040005,0x000000ac,0x61726170,0x0000006d,
	0x00040005,0x000000c3,0x64616873,0x0048776f,0x00060005,0x000000c5,0x6e656353,0x696e5565,
	0x6d726f66,0x00000073,0x00050006,0x000000c5,0x00000000,0x65627563,0x0070764d,0x00050006,
	0x000000c5,0x00000001,0x4d796b73,0x00007076,0x00060006,0x000000c5,0x00000002,0x65646f6d,
	0x70764d6c,0x00000000,0x00060006,0x000000c5,0x00000003,0x65646f6d,0x74614d6c,0x00786972,
	0x00070006,0x000000c5,0x00000004,0x656d6163,0x6f506172,0x69746973,0x00006e6f,0x00070006,
	0x000000c5,0x00000005,0x656d6163,0x6f546172,0x6c726f57,0x00000064,0x00060006,0x000000c5,
	0x00000006,0x64616873,0x764d776f,0x00000070,0x00040005,0x000000c7,0x6e656373,0x00000065,
	0x00050005,0x000000d3,0x64616873,0x644e776f,0x00000063,0x00050005,0x000000dd,0x64616873,
	0x7655776f,0x00000000,0x00060005,0x000000e4,0x65636572,0x72657669,0x74706544,0x00000068,
	0x00040005,0x00000109,0x73616962,0x00000000,0x00040005,0x00000113,0x65786574,0x0000006c,
	0x00040005,0x00000116,0x69736976,0x00656c62,0x00030005,0x00000118,0x00000079,0x00030005,
	0x00000122,0x00000078,0x00050005,0x0000012a,0x64616873,0x6544776f,0x00687470,0x00050005,
	0x0000012e,0x64616873,0x614d776f,0x00000070,0x00040005,0x0000014c,0x68706c61,0x00000061,
	0x00040005,0x00000150,0x68706c61,0x00715361,0x00030005,0x00000154,0x00000066,0x00040005,
	0x00000165,0x68706c61,0x00000061,0x00040005,0x00000169,0x68706c61,0x00715361,0x00040005,
	0x0000016d,0x56786767,0x00000000,0x00040005,0x00000179,0x4c786767,0x00000000,0x00030005,
	0x0000018d,0x00000066,0x00040005,0x000001aa,0x694c6f74,0x00746867,0x00060005,0x000001ae,
	0x74736964,0x65636e61,0x694c6f54,0x00746867,0x00030005,0x000001b1,0x0000004c,0x00050005,
	0x000001b7,0x65747461,0x7461756e,0x006e6f69,0x00030005,0x000001bd,0x00000048,0x00030005,
	0x000001c2,0x004c6f4e,0x00030005,0x000001c7,0x00486f4e,0x00030005,0x000001cc,0x00486f56,
	0x00030005,0x000001d1,0x00000046,0x00040005,0x000001d2,0x61726170,0x0000006d,0x00040005,
	0x000001d4,0x61726170,0x0000006d,0x00050005,0x000001d7,0x63657073,0x72616c75,0x00000000,
	0x00040005,0x000001d8,0x61726170,0x0000006d,0x00040005,0x000001da,0x61726170,0x0000006d,
	0x00040005,0x000001df,0x61726170,0x0000006d,0x00040005,0x000001e1,0x61726170,0x0000006d,
	0x00040005,0x000001e2,0x61726170,0x0000006d,0x00040005,0x000001e8,0x66666964,0x00657375,
	0x00050005,0x000001fe,0x4e70616d,0x616d726f,0x0000006c,0x00060005,0x000001ff,0x6d726f6e,
	0x65546c61,0x72757478,0x00000065,0x00030005,0x0000020f,0x00317064,0x00030005,0x00000212,
	0x00327064,0x00040005,0x00000215,0x31767564,0x00000000,0x00040005,0x00000218,0x32767564,
	0x00000000,0x00040005,0x0000021b,0x70327064,0x00707265,0x00040005,0x0000021f,0x70317064,
	0x00707265,0x00040005,0x00000223,0x676e6174,0x00746e65,0x00050005,0x0000022d,0x61746962,
	0x6e65676e,0x00000074,0x00040005,0x00000237,0x4d766e69,0x00007861,0x00030005,0x00000242,
	0x006e6274,0x00060005,0x0000025d,0x6574616d,0x6c616972,0x6f6c6f43,0x00000072,0x00070005,
	0x0000025e,0x65736162,0x6f6c6f43,0x78655472,0x65727574,0x00000000,0x00050005,0x00000261,
	0x78655476,0x726f6f43,0x00000064,0x00070005,0x00000265,0x73614276,0x6c6f4365,0x6146726f,
	0x726f7463,0x00000000,0x00060005,0x0000026a,0x736e4976,0x636e6174,0x72614d65,0x0072656b,
	0x00040005,0x00000279,0x65626c61,0x00006f64,0x00040005,0x0000027a,0x61726170,0x0000006d,
	0x00030005,0x0000027e,0x0000726d,0x00090005,0x0000027f,0x6174656d,0x63696c6c,0x67756f52,
	0x73656e68,0x78655473,0x65727574,0x00000000,0x00050005,0x00000283,0x6174656d,0x63696c6c,
	0x00000000,0x00070005,0x00000286,0x74614d76,0x61697265,0x7261506c,0x30736d61,0x00000000,
	0x00050005,0x0000028b,0x67756f72,0x73656e68,0x00000073,0x00030005,0x00000293,0x00006f61,
	0x00050005,0x00000294,0x65546f61,0x72757478,0x00000065,0x00070005,0x00000299,0x74614d76,
	0x61697265,0x7261506c,0x31736d61,0x00000000,0x00030005,0x0000029e,0x0000004e,0x00040005,
	0x000002a0,0x726f4e76,0x006c616d,0x00060005,0x000002a8,0x726f5776,0x6f50646c,0x69746973,
	0x00006e6f,0x00040005,0x000002a9,0x61726170,0x0000006d,0x00040005,0x000002ab,0x61726170,
	0x0000006d,0x00040005,0x000002ad,0x61726170,0x0000006d,0x00040005,0x000002af,0x61726170,
	0x0000006d,0x00030005,0x000002b3,0x00000056,0x00030005,0x000002bc,0x00566f4e,0x00030005,
	0x000002c1,0x00003046,0x00030005,0x000002c8,0x0000004c,0x00030005,0x000002cd,0x00000048,
	0x00030005,0x000002d2,0x004c6f4e,0x00030005,0x000002d7,0x00000046,0x00040005,0x000002dc,
	0x61726170,0x0000006d,0x00040005,0x000002de,0x61726170,0x0000006d,0x00040005,0x000002e0,
	0x65726964,0x00007463,0x00040005,0x000002ef,0x61726170,0x0000006d,0x00040005,0x000002f0,
	0x61726170,0x0000006d,0x00040005,0x000002f5,0x61726170,0x0000006d,0x00040005,0x000002f7,
	0x61726170,0x0000006d,0x00040005,0x000002f8,0x61726170,0x0000006d,0x00040005,0x00000306,
	0x61726170,0x0000006d,0x00040005,0x00000308,0x61726170,0x0000006d,0x00040005,0x0000030a,
	0x61726170,0x0000006d,0x00030005,0x0000030e,0x0000664c,0x00030005,0x00000312,0x00006648,
	0x00040005,0x00000317,0x664c6f4e,0x00000000,0x00030005,0x0000031c,0x00006646,0x00040005,
	0x00000321,0x61726170,0x0000006d,0x00040005,0x00000323,0x61726170,0x0000006d,0x00040005,
	0x00000325,0x6c6c6966,0x00000000,0x00040005,0x00000334,0x61726170,0x0000006d,0x00040005,
	0x00000335,0x61726170,0x0000006d,0x00040005,0x0000033a,0x61726170,0x0000006d,0x00040005,
	0x0000033c,0x61726170,0x0000006d,0x00040005,0x0000033d,0x61726170,0x0000006d,0x00050005,
	0x0000034d,0x6e696f70,0x67694c74,0x00737468,0x00040005,0x00000355,0x61726170,0x0000006d,
	0x00040005,0x00000356,0x61726170,0x0000006d,0x00040005,0x00000357,0x61726170,0x0000006d,
	0x00040005,0x00000359,0x61726170,0x0000006d,0x00040005,0x0000035b,0x61726170,0x0000006d,
	0x00040005,0x0000035d,0x61726170,0x0000006d,0x00040005,0x0000035f,0x61726170,0x0000006d,
	0x00040005,0x00000361,0x61726170,0x0000006d,0x00040005,0x00000363,0x61726170,0x0000006d,
	0x00040005,0x00000365,0x61726170,0x0000006d,0x00040005,0x0000036b,0x61726170,0x0000006d,
	0x00040005,0x0000036c,0x61726170,0x0000006d,0x00040005,0x0000036d,0x61726170,0x0000006d,
	0x00040005,0x0000036f,0x61726170,0x0000006d,0x00040005,0x00000371,0x61726170,0x0000006d,
	0x00040005,0x00000373,0x61726170,0x0000006d,0x00040005,0x00000375,0x61726170,0x0000006d,
	0x00040005,0x00000377,0x61726170,0x0000006d,0x00040005,0x00000379,0x61726170,0x0000006d,
	0x00040005,0x0000037b,0x61726170,0x0000006d,0x00070005,0x0000037f,0x69766e65,0x6d6e6f72,
	0x4d746e65,0x6f4c7861,0x00000064,0x00050005,0x00000384,0x61727269,0x6e616964,0x00006563,
	0x00070005,0x00000388,0x61727269,0x6e616964,0x65546563,0x72757478,0x00000065,0x00040005,
	0x0000038d,0x6c626946,0x00000000,0x00040005,0x0000038e,0x61726170,0x0000006d,0x00040005,
	0x00000390,0x61726170,0x0000006d,0x00050005,0x00000393,0x66666964,0x49657375,0x00006c62,
	0x00050005,0x0000039e,0x66657270,0x65746c69,0x00646572,0x00070005,0x0000039f,0x66657270,
	0x65746c69,0x54646572,0x75747865,0x00006572,0x00050005,0x000003aa,0x696c7073,0x6d755374,
	0x00000000,0x00060005,0x000003ab,0x66647262,0x5474754c,0x75747865,0x00006572,0x00040005,
	0x000003b2,0x45737366,0x00007373,0x00030005,0x000003bb,0x00736d65,0x00040005,0x000003c3,
	0x67764166,0x00000000,0x00040005,0x000003cc,0x45736d66,0x0000736d,0x00040005,0x000003da,
	0x42766e65,0x00666472,0x00050005,0x000003de,0x63657073,0x72616c75,0x006c6249,0x00040005,
	0x000003e0,0x61726170,0x0000006d,0x00040005,0x000003e2,0x61726170,0x0000006d,0x00040005,
	0x000003e4,0x61726170,0x0000006d,0x00050005,0x000003ea,0x73696d65,0x65766973,0x00000000,
	0x00060005,0x000003eb,0x73696d65,0x65766973,0x74786554,0x00657275,0x00040005,0x000003ef,
	0x61726170,0x0000006d,0x00040005,0x000003f5,0x6f6c6f63,0x00000072,0x00050005,0x00000403,
	0x73694476,0x766c6f73,0x00000065,0x00030005,0x00000408,0x0000006e,0x00040005,0x0000040b,
	0x61726170,0x0000006d,0x00030005,0x0000040d,0x00747563,0x00040005,0x00000419,0x65676465,
	0x00000000,0x00050005,0x00000429,0x4374756f,0x726f6c6f,0x00000000,0x00060005,0x00000432,
	0x62796b73,0x6554786f,0x72757478,0x00000065,0x00040048,0x000000c5,0x00000000,0x00000005,
	0x00050048,0x000000c5,0x00000000,0x00000023,0x00000000,0x00050048,0x000000c5,0x00000000,
	0x00000007,0x00000010,0x00040048,0x000000c5,0x00000001,0x00000005,0x00050048,0x000000c5,
	0x00000001,0x00000023,0x00000040,0x00050048,0x000000c5,0x00000001,0x00000007,0x00000010,
	0x00040048,0x000000c5,0x00000002,0x00000005,0x00050048,0x000000c5,0x00000002,0x00000023,
	0x00000080,0x00050048,0x000000c5,0x00000002,0x00000007,0x00000010,0x00040048,0x000000c5,
	0x00000003,0x00000005,0x00050048,0x000000c5,0x00000003,0x00000023,0x000000c0,0x00050048,
	0x000000c5,0x00000003,0x00000007,0x00000010,0x00050048,0x000000c5,0x00000004,0x00000023,
	0x00000100,0x00040048,0x000000c5,0x00000005,0x00000005,0x00050048,0x000000c5,0x00000005,
	0x00000023,0x00000110,0x00050048,0x000000c5,0x00000005,0x00000007,0x00000010,0x00040048,
	0x000000c5,0x00000006,0x00000005,0x00050048,0x000000c5,0x00000006,0x00000023,0x00000150,
	0x00050048,0x000000c5,0x00000006,0x00000007,0x00000010,0x00030047,0x000000c5,0x00000002,
	0x00040047,0x000000c7,0x00000022,0x00000000,0x00040047,0x000000c7,0x00000021,0x00000000,
	0x00040047,0x0000012e,0x00000022,0x00000000,0x00040047,0x0000012e,0x00000021,0x0000000b,
	0x00040047,0x000001ff,0x00000022,0x00000000,0x00040047,0x000001ff,0x00000021,0x00000004,
	0x00040047,0x0000025e,0x00000022,0x00000000,0x00040047,0x0000025e,0x00000021,0x00000001,
	0x00040047,0x00000261,0x0000001e,0x00000001,0x00040047,0x00000265,0x0000001e,0x00000002,
	0x00040047,0x0000026a,0x0000001e,0x00000006,0x00040047,0x0000027f,0x00000022,0x00000000,
	0x00040047,0x0000027f,0x00000021,0x00000003,0x00040047,0x00000286,0x0000001e,0x00000004,
	0x00040047,0x00000294,0x00000022,0x00000000,0x00040047,0x00000294,0x00000021,0x00000005,
	0x00040047,0x00000299,0x0000001e,0x00000005,0x00040047,0x000002a0,0x0000001e,0x00000000,
	0x00040047,0x000002a8,0x0000001e,0x00000003,0x00040047,0x00000388,0x00000022,0x00000000,
	0x00040047,0x00000388,0x00000021,0x00000008,0x00040047,0x0000039f,0x00000022,0x00000000,
	0x00040047,0x0000039f,0x00000021,0x00000009,0x00040047,0x000003ab,0x00000022,0x00000000,
	0x00040047,0x000003ab,0x00000021,0x0000000a,0x00040047,0x000003eb,0x00000022,0x00000000,
	0x00040047,0x000003eb,0x00000021,0x00000006,0x00030047,0x00000403,0x0000000e,0x00040047,
	0x00000403,0x0000001e,0x00000007,0x00040047,0x00000429,0x0000001e,0x00000000,0x00040047,
	0x00000432,0x00000022,0x00000000,0x00040047,0x00000432,0x00000021,0x00000002,0x00020013,
	0x00000002,0x00030021,0x00000003,0x00000002,0x00030016,0x00000006,0x00000020,0x00040017,
	0x00000007,0x00000006,0x00000003,0x00040020,0x00000008,0x00000007,0x00000007,0x00040021,
	0x00000009,0x00000006,0x00000008,0x00040021,0x00000010,0x00000007,0x00000008,0x00060021,
	0x00000014,0x00000006,0x00000008,0x00000008,0x00000008,0x00040020,0x0000001a,0x00000007,
	0x00000006,0x00050021,0x0000001b,0x00000006,0x0000001a,0x0000001a,0x00060021,0x00000020,
	0x00000006,0x0000001a,0x0000001a,0x0000001a,0x00050021,0x00000026,0x00000007,0x00000008,
	0x0000001a,0x000d0021,0x00000030,0x00000007,0x00000008,0x00000008,0x00000008,0x00000008,
	0x0000001a,0x00000008,0x0000001a,0x0000001a,0x00000008,0x00000008,0x00040017,0x0000003d,
	0x00000006,0x00000002,0x00040020,0x0000003e,0x00000007,0x0000003d,0x00070021,0x0000003f,
	0x00000007,0x00000008,0x00000008,0x0000003e,0x0000001a,0x0004002b,0x00000006,0x00000047,
	0x3ea2f984,0x0004002b,0x00000006,0x00000049,0x3dcccccd,0x0004002b,0x00000006,0x0000004a,
	0x3e2e147b,0x0004002b,0x00000006,0x0000004b,0x3e051eb8,0x0006002c,0x00000007,0x0000004c,
	0x00000049,0x0000004a,0x0000004b,0x0004002b,0x00000006,0x0000004f,0x41880000,0x00040015,
	0x00000052,0x00000020,0x00000000,0x0004002b,0x00000052,0x00000053,0x00000000,0x0004002b,
	0x00000052,0x00000056,0x00000001,0x0004002b,0x00000052,0x0000005a,0x00000002,0x0004002b,
	0x00000006,0x00000073,0x40400000,0x0004002b,0x00000006,0x00000074,0x40000000,0x0004002b,
	0x00000006,0x0000007e,0x3f800000,0x0004002b,0x00000006,0x0000007f,0x00000000,0x0006002c,
	0x00000007,0x00000080,0x0000007e,0x0000007f,0x0000007f,0x0006002c,0x00000007,0x00000088,
	0x0000007f,0x0000007e,0x0000007f,0x0006002c,0x00000007,0x0000008d,0x0000007e,0x0000007e,
	0x0000007f,0x0006002c,0x00000007,0x00000098,0x0000007f,0x0000007f,0x0000007e,0x0006002c,
	0x00000007,0x0000009d,0x0000007e,0x0000007f,0x0000007e,0x0006002c,0x00000007,0x000000a5,
	0x0000007f,0x0000007e,0x0000007e,0x0006002c,0x00000007,0x000000aa,0x0000007e,0x0000007e,
	0x0000007e,0x0006002c,0x00000007,0x000000ba,0x0000007f,0x0000007f,0x0000007f,0x0004002b,
	0x00000006,0x000000bc,0x400ccccd,0x0006002c,0x00000007,0x000000bd,0x000000bc,0x000000bc,
	0x000000bc,0x00040017,0x000000c1,0x00000006,0x00000004,0x00040020,0x000000c2,0x00000007,
	0x000000c1,0x00040018,0x000000c4,0x000000c1,0x00000004,0x0009001e,0x000000c5,0x000000c4,
	0x000000c4,0x000000c4,0x000000c4,0x000000c1,0x000000c4,0x000000c4,0x00040020,0x000000c6,
	0x00000002,0x000000c5,0x0004003b,0x000000c6,0x000000c7,0x00000002,0x00040015,0x000000c8,
	0x00000020,0x00000001,0x0004002b,0x000000c8,0x000000c9,0x00000006,0x00040020,0x000000ca,
	0x00000002,0x000000c4,0x0004002b,0x00000052,0x000000d6,0x00000003,0x0004002b,0x00000006,
	0x000000d9,0x3727c5ac,0x0004002b,0x00000006,0x000000e0,0x3f000000,0x00020014,0x000000e7,
	0x0004002b,0x00000006,0x0000010a,0x3c03126f,0x0004002b,0x00000006,0x00000111,0x3ac49ba6,
	0x0004002b,0x00000006,0x00000114,0x3a800000,0x0005002c,0x0000003d,0x00000115,0x00000114,
	0x00000114,0x00040020,0x00000117,0x00000007,0x000000c8,0x0004002b,0x000000c8,0x00000119,
	0xffffffff,0x0004002b,0x000000c8,0x00000120,0x00000001,0x00090019,0x0000012b,0x00000006,
	0x00000001,0x00000000,0x00000000,0x00000000,0x00000001,0x00000000,0x0003001b,0x0000012c,
	0x0000012b,0x00040020,0x0000012d,0x00000000,0x0000012c,0x0004003b,0x0000012d,0x0000012e,
	0x00000000,0x0004002b,0x00000006,0x00000148,0x41100000,0x0004002b,0x00000006,0x0000015d,
	0x40490fdb,0x0004002b,0x00000006,0x00000188,0x38d1b717,0x0004002b,0x00000006,0x00000190,
	0x40a00000,0x0004002b,0x00000006,0x0000019e,0xc1800000,0x0004003b,0x0000012d,0x000001ff,
	0x00000000,0x00040018,0x00000240,0x00000007,0x00000003,0x00040020,0x00000241,0x00000007,
	0x00000240,0x0004003b,0x0000012d,0x0000025e,0x00000000,0x00040020,0x00000260,0x00000001,
	0x0000003d,0x0004003b,0x00000260,0x00000261,0x00000001,0x00040020,0x00000264,0x00000001,
	0x000000c1,0x0004003b,0x00000264,0x00000265,0x00000001,0x0004003b,0x00000264,0x0000026a,
	0x00000001,0x00040020,0x0000026d,0x00000001,0x00000006,0x0004003b,0x0000012d,0x0000027f,
	0x00000000,0x0004003b,0x00000264,0x00000286,0x00000001,0x0004002b,0x00000006,0x00000291,
	0x3d3851ec,0x0004003b,0x0000012d,0x00000294,0x00000000,0x0004003b,0x00000264,0x00000299,
	0x00000001,0x00040020,0x0000029f,0x00000001,0x00000007,0x0004003b,0x0000029f,0x000002a0,
	0x00000001,0x0004003b,0x0000029f,0x000002a8,0x00000001,0x0004002b,0x000000c8,0x000002b4,
	0x00000004,0x00040020,0x000002b5,0x00000002,0x000000c1,0x0004002b,0x00000006,0x000002c2,
	0x3d23d70a,0x0006002c,0x00000007,0x000002c3,0x000002c2,0x000002c2,0x000002c2,0x0004002b,
	0x00000006,0x000002c9,0x3ebbcedd,0x0004002b,0x00000006,0x000002ca,0x3f50acf6,0x0004002b,
	0x00000006,0x000002cb,0x3ee58b0e,0x0006002c,0x00000007,0x000002cc,0x000002c9,0x000002ca,
	0x000002cb,0x0004002b,0x00000006,0x000002ff,0x3f7851ec,0x0004002b,0x00000006,0x00000300,
	0x3f6b851f,0x0006002c,0x00000007,0x00000301,0x0000007e,0x000002ff,0x00000300,0x0004002b,
	0x00000006,0x0000030f,0x3ea923b1,0x0004002b,0x00000006,0x00000310,0x3f71a0b4,0x0006002c,
	0x00000007,0x00000311,0x0000007f,0x0000030f,0x00000310,0x0004002b,0x00000006,0x00000344,
	0x3f0ccccd,0x0004002b,0x00000006,0x00000345,0x3f1eb852,0x0004002b,0x00000006,0x00000346,
	0x3f400000,0x0006002c,0x00000007,0x00000347,0x00000344,0x00000345,0x00000346,0x0004002b,
	0x00000006,0x00000349,0x3f8ccccd,0x0004002b,0x00000006,0x0000034e,0xbfa66666,0x0004002b,
	0x00000006,0x0000034f,0x3ecccccd,0x0006002c,0x00000007,0x00000350,0x0000034e,0x0000034f,
	0x00000349,0x0004002b,0x00000006,0x00000351,0x41000000,0x0004002b,0x00000006,0x00000352,
	0x3f75c28f,0x0004002b,0x00000006,0x00000353,0x3f4ccccd,0x0006002c,0x00000007,0x00000354,
	0x00000351,0x00000352,0x00000353,0x0004002b,0x00000006,0x00000368,0x3fa66666,0x0006002c,
	0x00000007,0x00000369,0x00000368,0x0000034f,0x00000349,0x0006002c,0x00000007,0x0000036a,
	0x00000353,0x00000074,0x00000351,0x00040020,0x00000380,0x00000002,0x00000006,0x00090019,
	0x00000385,0x00000006,0x00000003,0x00000000,0x00000000,0x00000000,0x00000001,0x00000000,
	0x0003001b,0x00000386,0x00000385,0x00040020,0x00000387,0x00000000,0x00000386,0x0004003b,
	0x00000387,0x00000388,0x00000000,0x0004003b,0x00000387,0x0000039f,0x00000000,0x0004003b,
	0x0000012d,0x000003ab,0x00000000,0x0004002b,0x00000006,0x000003c8,0x41a80000,0x0004003b,
	0x0000012d,0x000003eb,0x00000000,0x0004003b,0x0000026d,0x00000403,0x00000001,0x0004002b,
	0x00000006,0x0000040f,0x3f970a3d,0x0004002b,0x00000006,0x00000411,0x3db851ec,0x0004002b,
	0x00000006,0x0000041a,0x3df5c28f,0x0004002b,0x00000006,0x00000421,0x3fcccccd,0x0006002c,
	0x00000007,0x00000422,0x00000421,0x00000344,0x0000041a,0x00040020,0x00000428,0x00000003,
	0x000000c1,0x0004003b,0x00000428,0x00000429,0x00000003,0x0004003b,0x00000387,0x00000432,
	0x00000000,0x00050036,0x00000002,0x00000004,0x00000000,0x00000003,0x000200f8,0x00000005,
	0x0004003b,0x000000c2,0x0000025d,0x00000007,0x0004003b,0x00000008,0x00000279,0x00000007,
	0x0004003b,0x00000008,0x0000027a,0x00000007,0x0004003b,0x000000c2,0x0000027e,0x00000007,
	0x0004003b,0x0000001a,0x00000283,0x00000007,0x0004003b,0x0000001a,0x0000028b,0x00000007,
	0x0004003b,0x0000001a,0x00000293,0x00000007,0x0004003b,0x00000008,0x0000029e,0x00000007,
	0x0004003b,0x00000008,0x000002a9,0x00000007,0x0004003b,0x00000008,0x000002ab,0x00000007,
	0x0004003b,0x0000003e,0x000002ad,0x00000007,0x0004003b,0x0000001a,0x000002af,0x00000007,
	0x0004003b,0x00000008,0x000002b3,0x00000007,0x0004003b,0x0000001a,0x000002bc,0x00000007,
	0x0004003b,0x00000008,0x000002c1,0x00000007,0x0004003b,0x00000008,0x000002c8,0x00000007,
	0x0004003b,0x00000008,0x000002cd,0x00000007,0x0004003b,0x0000001a,0x000002d2,0x00000007,
	0x0004003b,0x00000008,0x000002d7,0x00000007,0x0004003b,0x00000008,0x000002dc,0x00000007,
	0x0004003b,0x0000001a,0x000002de,0x00000007,0x0004003b,0x00000008,0x000002e0,0x00000007,
	0x0004003b,0x0000001a,0x000002ef,0x00000007,0x0004003b,0x0000001a,0x000002f0,0x00000007,
	0x0004003b,0x0000001a,0x000002f5,0x00000007,0x0004003b,0x0000001a,0x000002f7,0x00000007,
	0x0004003b,0x0000001a,0x000002f8,0x00000007,0x0004003b,0x00000008,0x00000306,0x00000007,
	0x0004003b,0x00000008,0x00000308,0x00000007,0x0004003b,0x00000008,0x0000030a,0x00000007,
	0x0004003b,0x00000008,0x0000030e,0x00000007,0x0004003b,0x00000008,0x00000312,0x00000007,
	0x0004003b,0x0000001a,0x00000317,0x00000007,0x0004003b,0x00000008,0x0000031c,0x00000007,
	0x0004003b,0x00000008,0x00000321,0x00000007,0x0004003b,0x0000001a,0x00000323,0x00000007,
	0x0004003b,0x00000008,0x00000325,0x00000007,0x0004003b,0x0000001a,0x00000334,0x00000007,
	0x0004003b,0x0000001a,0x00000335,0x00000007,0x0004003b,0x0000001a,0x0000033a,0x00000007,
	0x0004003b,0x0000001a,0x0000033c,0x00000007,0x0004003b,0x0000001a,0x0000033d,0x00000007,
	0x0004003b,0x00000008,0x0000034d,0x00000007,0x0004003b,0x00000008,0x00000355,0x00000007,
	0x0004003b,0x00000008,0x00000356,0x00000007,0x0004003b,0x00000008,0x00000357,0x00000007,
	0x0004003b,0x00000008,0x00000359,0x00000007,0x0004003b,0x0000001a,0x0000035b,0x00000007,
	0x0004003b,0x00000008,0x0000035d,0x00000007,0x0004003b,0x0000001a,0x0000035f,0x00000007,
	0x0004003b,0x0000001a,0x00000361,0x00000007,0x0004003b,0x00000008,0x00000363,0x00000007,
	0x0004003b,0x00000008,0x00000365,0x00000007,0x0004003b,0x00000008,0x0000036b,0x00000007,
	0x0004003b,0x00000008,0x0000036c,0x00000007,0x0004003b,0x00000008,0x0000036d,0x00000007,
	0x0004003b,0x00000008,0x0000036f,0x00000007,0x0004003b,0x0000001a,0x00000371,0x00000007,
	0x0004003b,0x00000008,0x00000373,0x00000007,0x0004003b,0x0000001a,0x00000375,0x00000007,
	0x0004003b,0x0000001a,0x00000377,0x00000007,0x0004003b,0x00000008,0x00000379,0x00000007,
	0x0004003b,0x00000008,0x0000037b,0x00000007,0x0004003b,0x0000001a,0x0000037f,0x00000007,
	0x0004003b,0x00000008,0x00000384,0x00000007,0x0004003b,0x00000008,0x0000038d,0x00000007,
	0x0004003b,0x00000008,0x0000038e,0x00000007,0x0004003b,0x0000001a,0x00000390,0x00000007,
	0x0004003b,0x00000008,0x00000393,0x00000007,0x0004003b,0x00000008,0x0000039e,0x00000007,
	0x0004003b,0x0000003e,0x000003aa,0x00000007,0x0004003b,0x00000008,0x000003b2,0x00000007,
	0x0004003b,0x0000001a,0x000003bb,0x00000007,0x0004003b,0x00000008,0x000003c3,0x00000007,
	0x0004003b,0x00000008,0x000003cc,0x00000007,0x0004003b,0x00000008,0x000003da,0x00000007,
	0x0004003b,0x00000008,0x000003de,0x00000007,0x0004003b,0x0000001a,0x000003e0,0x00000007,
	0x0004003b,0x0000001a,0x000003e2,0x00000007,0x0004003b,0x0000001a,0x000003e4,0x00000007,
	0x0004003b,0x00000008,0x000003ea,0x00000007,0x0004003b,0x00000008,0x000003ef,0x00000007,
	0x0004003b,0x00000008,0x000003f5,0x00000007,0x0004003b,0x0000001a,0x00000408,0x00000007,
	0x0004003b,0x00000008,0x0000040b,0x00000007,0x0004003b,0x0000001a,0x0000040d,0x00000007,
	0x0004003b,0x0000001a,0x00000419,0x00000007,0x0004003d,0x0000012c,0x0000025f,0x0000025e,
	0x0004003d,0x0000003d,0x00000262,0x00000261,0x00050057,0x000000c1,0x00000263,0x0000025f,
	0x00000262,0x0004003d,0x000000c1,0x00000266,0x00000265,0x00050085,0x000000c1,0x00000267,
	0x00000263,0x00000266,0x0003003e,0x0000025d,0x00000267,0x0004003d,0x000000c1,0x00000268,
	0x0000025d,0x0008004f,0x00000007,0x00000269,0x00000268,0x00000268,0x00000000,0x00000001,
	0x00000002,0x0004003d,0x000000c1,0x0000026b,0x0000026a,0x0008004f,0x00000007,0x0000026c,
	0x0000026b,0x0000026b,0x00000000,0x00000001,0x00000002,0x00050041,0x0000026d,0x0000026e,
	0x0000026a,0x000000d6,0x0004003d,0x00000006,0x0000026f,0x0000026e,0x0008000c,0x00000006,
	0x00000270,0x00000001,0x0000002b,0x0000026f,0x0000007f,0x0000007e,0x00060050,0x00000007,
	0x00000271,0x00000270,0x00000270,0x00000270,0x0008000c,0x00000007,0x00000272,0x00000001,
	0x0000002e,0x00000269,0x0000026c,0x00000271,0x00050041,0x0000001a,0x00000273,0x0000025d,
	0x00000053,0x00050051,0x00000006,0x00000274,0x00000272,0x00000000,0x0003003e,0x00000273,
	0x00000274,0x00050041,0x0000001a,0x00000275,0x0000025d,0x00000056,0x00050051,0x00000006,
	0x00000276,0x00000272,0x00000001,0x0003003e,0x00000275,0x00000276,0x00050041,0x0000001a,
	0x00000277,0x0000025d,0x0000005a,0x00050051,0x00000006,0x00000278,0x00000272,0x00000002,
	0x0003003e,0x00000277,0x00000278,0x0004003d,0x000000c1,0x0000027b,0x0000025d,0x0008004f,
	0x00000007,0x0000027c,0x0000027b,0x0000027b,0x00000000,0x00000001,0x00000002,0x0003003e,
	0x0000027a,0x0000027c,0x00050039,0x00000007,0x0000027d,0x00000012,0x0000027a,0x0003003e,
	0x00000279,0x0000027d,0x0004003d,0x0000012c,0x00000280,0x0000027f,0x0004003d,0x0000003d,
	0x00000281,0x00000261,0x00050057,0x000000c1,0x00000282,0x00000280,0x00000281,0x0003003e,
	0x0000027e,0x00000282,0x00050041,0x0000001a,0x00000284,0x0000027e,0x0000005a,0x0004003d,
	0x00000006,0x00000285,0x00000284,0x00050041,0x0000026d,0x00000287,0x00000286,0x00000053,
	0x0004003d,0x00000006,0x00000288,0x00000287,0x00050085,0x00000006,0x00000289,0x00000285,
	0x00000288,0x0008000c,0x00000006,0x0000028a,0x00000001,0x0000002b,0x00000289,0x0000007f,
	0x0000007e,0x0003003e,0x00000283,0x0000028a,0x00050041,0x0000001a,0x0000028c,0x0000027e,
	0x00000056,0x0004003d,0x00000006,0x0000028d,0x0000028c,0x00050041,0x0000026d,0x0000028e,
	0x00000286,0x00000056,0x0004003d,0x00000006,0x0000028f,0x0000028e,0x00050085,0x00000006,
	0x00000290,0x0000028d,0x0000028f,0x0008000c,0x00000006,0x00000292,0x00000001,0x0000002b,
	0x00000290,0x00000291,0x0000007e,0x0003003e,0x0000028b,0x00000292,0x0004003d,0x0000012c,
	0x00000295,0x00000294,0x0004003d,0x0000003d,0x00000296,0x00000261,0x00050057,0x000000c1,
	0x00000297,0x00000295,0x00000296,0x00050051,0x00000006,0x00000298,0x00000297,0x00000000,
	0x00050041,0x0000026d,0x0000029a,0x00000299,0x000000d6,0x0004003d,0x00000006,0x0000029b,
	0x0000029a,0x00050085,0x00000006,0x0000029c,0x00000298,0x0000029b,0x0008000c,0x00000006,
	0x0000029d,0x00000001,0x0000002b,0x0000029c,0x0000007f,0x0000007e,0x0003003e,0x00000293,
	0x0000029d,0x0004003d,0x00000007,0x000002a1,0x000002a0,0x0006000c,0x00000007,0x000002a2,
	0x00000001,0x00000045,0x000002a1,0x0003003e,0x0000029e,0x000002a2,0x00050041,0x0000026d,
	0x000002a3,0x00000286,0x0000005a,0x0004003d,0x00000006,0x000002a4,0x000002a3,0x000500ba,
	0x000000e7,0x000002a5,0x000002a4,0x0000007f,0x000300f7,0x000002a7,0x00000000,0x000400fa,
	0x000002a5,0x000002a6,0x000002a7,0x000200f8,0x000002a6,0x0004003d,0x00000007,0x000002aa,
	0x0000029e,0x0003003e,0x000002a9,0x000002aa,0x0004003d,0x00000007,0x000002ac,0x000002a8,
	0x0003003e,0x000002ab,0x000002ac,0x0004003d,0x0000003d,0x000002ae,0x00000261,0x0003003e,
	0x000002ad,0x000002ae,0x00050041,0x0000026d,0x000002b0,0x00000286,0x0000005a,0x0004003d,
	0x00000006,0x000002b1,0x000002b0,0x0003003e,0x000002af,0x000002b1,0x00080039,0x00000007,
	0x000002b2,0x00000044,0x000002a9,0x000002ab,0x000002ad,0x000002af,0x0003003e,0x0000029e,
	0x000002b2,0x000200f9,0x000002a7,0x000200f8,0x000002a7,0x00050041,0x000002b5,0x000002b6,
	0x000000c7,0x000002b4,0x0004003d,0x000000c1,0x000002b7,0x000002b6,0x0008004f,0x00000007,
	0x000002b8,0x000002b7,0x000002b7,0x00000000,0x00000001,0x00000002,0x0004003d,0x00000007,
	0x000002b9,0x000002a8,0x00050083,0x00000007,0x000002ba,0x000002b8,0x000002b9,0x0006000c,
	0x00000007,0x000002bb,0x00000001,0x00000045,0x000002ba,0x0003003e,0x000002b3,0x000002bb,
	0x0004003d,0x00000007,0x000002bd,0x0000029e,0x0004003d,0x00000007,0x000002be,0x000002b3,
	0x00050094,0x00000006,0x000002bf,0x000002bd,0x000002be,0x0007000c,0x00000006,0x000002c0,
	0x00000001,0x00000028,0x000002bf,0x00000188,0x0003003e,0x000002bc,0x000002c0,0x0004003d,
	0x00000007,0x000002c4,0x00000279,0x0004003d,0x00000006,0x000002c5,0x00000283,0x00060050,
	0x00000007,0x000002c6,0x000002c5,0x000002c5,0x000002c5,0x0008000c,0x00000007,0x000002c7,
	0x00000001,0x0000002e,0x000002c3,0x000002c4,0x000002c6,0x0003003e,0x000002c1,0x000002c7,
	0x0003003e,0x000002c8,0x000002cc,0x0004003d,0x00000007,0x000002ce,0x000002b3,0x0004003d,
	0x00000007,0x000002cf,0x000002c8,0x00050081,0x00000007,0x000002d0,0x000002ce,0x000002cf,
	0x0006000c,0x00000007,0x000002d1,0x00000001,0x00000045,0x000002d0,0x0003003e,0x000002cd,
	0x000002d1,0x0004003d,0x00000007,0x000002d3,0x0000029e,0x0004003d,0x00000007,0x000002d4,
	0x000002c8,0x00050094,0x00000006,0x000002d5,0x000002d3,0x000002d4,0x0007000c,0x00000006,
	0x000002d6,0x00000001,0x00000028,0x000002d5,0x0000007f,0x0003003e,0x000002d2,0x000002d6,
	0x0004003d,0x00000007,0x000002d8,0x000002b3,0x0004003d,0x00000007,0x000002d9,0x000002cd,
	0x00050094,0x00000006,0x000002da,0x000002d8,0x000002d9,0x0007000c,0x00000006,0x000002db,
	0x00000001,0x00000028,0x000002da,0x0000007f,0x0004003d,0x00000007,0x000002dd,0x000002c1,
	0x0003003e,0x000002dc,0x000002dd,0x0003003e,0x000002de,0x000002db,0x00060039,0x00000007,
	0x000002df,0x00000029,0x000002dc,0x000002de,0x0003003e,0x000002d7,0x000002df,0x0004003d,
	0x00000007,0x000002e1,0x000002d7,0x00060050,0x00000007,0x000002e2,0x0000007e,0x0000007e,
	0x0000007e,0x00050083,0x00000007,0x000002e3,0x000002e2,0x000002e1,0x0004003d,0x00000006,
	0x000002e4,0x00000283,0x00050083,0x00000006,0x000002e5,0x0000007e,0x000002e4,0x0005008e,
	0x00000007,0x000002e6,0x000002e3,0x000002e5,0x0004003d,0x00000007,0x000002e7,0x00000279,
	0x00050085,0x00000007,0x000002e8,0x000002e6,0x000002e7,0x00060050,0x00000007,0x000002e9,
	0x0000015d,0x0000015d,0x0000015d,0x00050088,0x00000007,0x000002ea,0x000002e8,0x000002e9,
	0x0004003d,0x00000007,0x000002eb,0x0000029e,0x0004003d,0x00000007,0x000002ec,0x000002cd,
	0x00050094,0x00000006,0x000002ed,0x000002eb,0x000002ec,0x0007000c,0x00000006,0x000002ee,
	0x00000001,0x00000028,0x000002ed,0x0000007f,0x0003003e,0x000002ef,0x000002ee,0x0004003d,
	0x00000006,0x000002f1,0x0000028b,0x0003003e,0x000002f0,0x000002f1,0x00060039,0x00000006,
	0x000002f2,0x0000001e,0x000002ef,0x000002f0,0x0004003d,0x00000006,0x000002f3,0x000002d2,
	0x0007000c,0x00000006,0x000002f4,0x00000001,0x00000028,0x000002f3,0x00000188,0x0004003d,
	0x00000006,0x000002f6,0x000002bc,0x0003003e,0x000002f5,0x000002f6,0x0003003e,0x000002f7,
	0x000002f4,0x0004003d,0x00000006,0x000002f9,0x0000028b,0x0003003e,0x000002f8,0x000002f9,
	0x00070039,0x00000006,0x000002fa,0x00000024,0x000002f5,0x000002f7,0x000002f8,0x00050085,
	0x00000006,0x000002fb,0x000002f2,0x000002fa,0x0004003d,0x00000007,0x000002fc,0x000002d7,
	0x0005008e,0x00000007,0x000002fd,0x000002fc,0x000002fb,0x00050081,0x00000007,0x000002fe,
	0x000002ea,0x000002fd,0x00050085,0x00000007,0x00000302,0x000002fe,0x00000301,0x0005008e,
	0x00000007,0x00000303,0x00000302,0x00000073,0x0004003d,0x00000006,0x00000304,0x000002d2,
	0x0005008e,0x00000007,0x00000305,0x00000303,0x00000304,0x0004003d,0x00000007,0x00000307,
	0x000002a8,0x0003003e,0x00000306,0x00000307,0x0004003d,0x00000007,0x00000309,0x0000029e,
	0x0003003e,0x00000308,0x00000309,0x0004003d,0x00000007,0x0000030b,0x000002c8,0x0003003e,
	0x0000030a,0x0000030b,0x00070039,0x00000006,0x0000030c,0x00000018,0x00000306,0x00000308,
	0x0000030a,0x0005008e,0x00000007,0x0000030d,0x00000305,0x0000030c,0x0003003e,0x000002e0,
	0x0000030d,0x0003003e,0x0000030e,0x00000311,0x0004003d,0x00000007,0x00000313,0x000002b3,
	0x0004003d,0x00000007,0x00000314,0x0000030e,0x00050081,0x00000007,0x00000315,0x00000313,
	0x00000314,0x0006000c,0x00000007,0x00000316,0x00000001,0x00000045,0x00000315,0x0003003e,
	0x00000312,0x00000316,0x0004003d,0x00000007,0x00000318,0x0000029e,0x0004003d,0x00000007,
	0x00000319,0x0000030e,0x00050094,0x00000006,0x0000031a,0x00000318,0x00000319,0x0007000c,
	0x00000006,0x0000031b,0x00000001,0x00000028,0x0000031a,0x0000007f,0x0003003e,0x00000317,
	0x0000031b,0x0004003d,0x00000007,0x0000031d,0x000002b3,0x0004003d,0x00000007,0x0000031e,
	0x00000312,0x00050094,0x00000006,0x0000031f,0x0000031d,0x0000031e,0x0007000c,0x00000006,
	0x00000320,0x00000001,0x00000028,0x0000031f,0x0000007f,0x0004003d,0x00000007,0x00000322,
	0x000002c1,0x0003003e,0x00000321,0x00000322,0x0003003e,0x00000323,0x00000320,0x00060039,
	0x00000007,0x00000324,0x00000029,0x00000321,0x00000323,0x0003003e,0x0000031c,0x00000324,
	0x0004003d,0x00000007,0x00000326,0x0000031c,0x00060050,0x00000007,0x00000327,0x0000007e,
	0x0000007e,0x0000007e,0x00050083,0x00000007,0x00000328,0x00000327,0x00000326,0x0004003d,
	0x00000006,0x00000329,0x00000283,0x00050083,0x00000006,0x0000032a,0x0000007e,0x00000329,
	0x0005008e,0x00000007,0x0000032b,0x00000328,0x0000032a,0x0004003d,0x00000007,0x0000032c,
	0x00000279,0x00050085,0x00000007,0x0000032d,0x0000032b,0x0000032c,0x00060050,0x00000007,
	0x0000032e,0x0000015d,0x0000015d,0x0000015d,0x00050088,0x00000007,0x0000032f,0x0000032d,
	0x0000032e,0x0004003d,0x00000007,0x00000330,0x0000029e,0x0004003d,0x00000007,0x00000331,
	0x00000312,0x00050094,0x00000006,0x00000332,0x00000330,0x00000331,0x0007000c,0x00000006,
	0x00000333,0x00000001,0x00000028,0x00000332,0x0000007f,0x0003003e,0x00000334,0x00000333,
	0x0004003d,0x00000006,0x00000336,0x0000028b,0x0003003e,0x00000335,0x00000336,0x00060039,
	0x00000006,0x00000337,0x0000001e,0x00000334,0x00000335,0x0004003d,0x00000006,0x00000338,
	0x00000317,0x0007000c,0x00000006,0x00000339,0x00000001,0x00000028,0x00000338,0x00000188,
	0x0004003d,0x00000006,0x0000033b,0x000002bc,0x0003003e,0x0000033a,0x0000033b,0x0003003e,
	0x0000033c,0x00000339,0x0004003d,0x00000006,0x0000033e,0x0000028b,0x0003003e,0x0000033d,
	0x0000033e,0x00070039,0x00000006,0x0000033f,0x00000024,0x0000033a,0x0000033c,0x0000033d,
	0x00050085,0x00000006,0x00000340,0x00000337,0x0000033f,0x0004003d,0x00000007,0x00000341,
	0x0000031c,0x0005008e,0x00000007,0x00000342,0x00000341,0x00000340,0x00050081,0x00000007,
	0x00000343,0x0000032f,0x00000342,0x00050085,0x00000007,0x00000348,0x00000343,0x00000347,
	0x0005008e,0x00000007,0x0000034a,0x00000348,0x00000349,0x0004003d,0x00000006,0x0000034b,
	0x00000317,0x0005008e,0x00000007,0x0000034c,0x0000034a,0x0000034b,0x0003003e,0x00000325,
	0x0000034c,0x0003003e,0x00000355,0x00000350,0x0003003e,0x00000356,0x00000354,0x0004003d,
	0x00000007,0x00000358,0x0000029e,0x0003003e,0x00000357,0x00000358,0x0004003d,0x00000007,
	0x0000035a,0x000002b3,0x0003003e,0x00000359,0x0000035a,0x0004003d,0x00000006,0x0000035c,
	0x000002bc,0x0003003e,0x0000035b,0x0000035c,0x0004003d,0x00000007,0x0000035e,0x00000279,
	0x0003003e,0x0000035d,0x0000035e,0x0004003d,0x00000006,0x00000360,0x00000283,0x0003003e,
	0x0000035f,0x00000360,0x0004003d,0x00000006,0x00000362,0x0000028b,0x0003003e,0x00000361,
	0x00000362,0x0004003d,0x00000007,0x00000364,0x000002c1,0x0003003e,0x00000363,0x00000364,
	0x0004003d,0x00000007,0x00000366,0x000002a8,0x0003003e,0x00000365,0x00000366,0x000e0039,
	0x00000007,0x00000367,0x0000003b,0x00000355,0x00000356,0x00000357,0x00000359,0x0000035b,
	0x0000035d,0x0000035f,0x00000361,0x00000363,0x00000365,0x0003003e,0x0000036b,0x00000369,
	0x0003003e,0x0000036c,0x0000036a,0x0004003d,0x00000007,0x0000036e,0x0000029e,0x0003003e,
	0x0000036d,0x0000036e,0x0004003d,0x00000007,0x00000370,0x000002b3,0x0003003e,0x0000036f,
	0x00000370,0x0004003d,0x00000006,0x00000372,0x000002bc,0x0003003e,0x00000371,0x00000372,
	0x0004003d,0x00000007,0x00000374,0x00000279,0x0003003e,0x00000373,0x00000374,0x0004003d,
	0x00000006,0x00000376,0x00000283,0x0003003e,0x00000375,0x00000376,0x0004003d,0x00000006,
	0x00000378,0x0000028b,0x0003003e,0x00000377,0x00000378,0x0004003d,0x00000007,0x0000037a,
	0x000002c1,0x0003003e,0x00000379,0x0000037a,0x0004003d,0x00000007,0x0000037c,0x000002a8,
	0x0003003e,0x0000037b,0x0000037c,0x000e0039,0x00000007,0x0000037d,0x0000003b,0x0000036b,
	0x0000036c,0x0000036d,0x0000036f,0x00000371,0x00000373,0x00000375,0x00000377,0x00000379,
	0x0000037b,0x00050081,0x00000007,0x0000037e,0x00000367,0x0000037d,0x0003003e,0x0000034d,
	0x0000037e,0x00060041,0x00000380,0x00000381,0x000000c7,0x000002b4,0x000000d6,0x0004003d,
	0x00000006,0x00000382,0x00000381,0x0007000c,0x00000006,0x00000383,0x00000001,0x00000028,
	0x00000382,0x0000007f,0x0003003e,0x0000037f,0x00000383,0x0004003d,0x00000386,0x00000389,
	0x00000388,0x0004003d,0x00000007,0x0000038a,0x0000029e,0x00050057,0x000000c1,0x0000038b,
	0x00000389,0x0000038a,0x0008004f,0x00000007,0x0000038c,0x0000038b,0x0000038b,0x00000000,
	0x00000001,0x00000002,0x0003003e,0x00000384,0x0000038c,0x0004003d,0x00000007,0x0000038f,
	0x000002c1,0x0003003e,0x0000038e,0x0000038f,0x0004003d,0x00000006,0x00000391,0x000002bc,
	0x0003003e,0x00000390,0x00000391,0x00060039,0x00000007,0x00000392,0x00000029,0x0000038e,
	0x00000390,0x0003003e,0x0000038d,0x00000392,0x0004003d,0x00000007,0x00000394,0x00000384,
	0x0004003d,0x00000007,0x00000395,0x00000279,0x00050085,0x00000007,0x00000396,0x00000394,
	0x00000395,0x0004003d,0x00000007,0x00000397,0x0000038d,0x00060050,0x00000007,0x00000398,
	0x0000007e,0x0000007e,0x0000007e,0x00050083,0x00000007,0x00000399,0x00000398,0x00000397,
	0x00050085,0x00000007,0x0000039a,0x00000396,0x00000399,0x0004003d,0x00000006,0x0000039b,
	0x00000283,0x00050083,0x00000006,0x0000039c,0x0000007e,0x0000039b,0x0005008e,0x00000007,
	0x0000039d,0x0000039a,0x0000039c,0x0003003e,0x00000393,0x0000039d,0x0004003d,0x00000386,
	0x000003a0,0x0000039f,0x0004003d,0x00000007,0x000003a1,0x000002b3,0x0004007f,0x00000007,
	0x000003a2,0x000003a1,0x0004003d,0x00000007,0x000003a3,0x0000029e,0x0007000c,0x00000007,
	0x000003a4,0x00000001,0x00000047,0x000003a2,0x000003a3,0x0004003d,0x00000006,0x000003a5,
	0x0000028b,0x0004003d,0x00000006,0x000003a6,0x0000037f,0x00050085,0x00000006,0x000003a7,
	0x000003a5,0x000003a6,0x00070058,0x000000c1,0x000003a8,0x000003a0,0x000003a4,0x00000002,
	0x000003a7,0x0008004f,0x00000007,0x000003a9,0x000003a8,0x000003a8,0x00000000,0x00000001,
	0x00000002,0x0003003e,0x0000039e,0x000003a9,0x0004003d,0x0000012c,0x000003ac,0x000003ab,
	0x0004003d,0x00000006,0x000003ad,0x000002bc,0x0004003d,0x00000006,0x000003ae,0x0000028b,
	0x00050050,0x0000003d,0x000003af,0x000003ad,0x000003ae,0x00050057,0x000000c1,0x000003b0,
	0x000003ac,0x000003af,0x0007004f,0x0000003d,0x000003b1,0x000003b0,0x000003b0,0x00000000,
	0x00000001,0x0003003e,0x000003aa,0x000003b1,0x0004003d,0x00000007,0x000003b3,0x000002c1,
	0x00050041,0x0000001a,0x000003b4,0x000003aa,0x00000053,0x0004003d,0x00000006,0x000003b5,
	0x000003b4,0x0005008e,0x00000007,0x000003b6,0x000003b3,0x000003b5,0x00050041,0x0000001a,
	0x000003b7,0x000003aa,0x00000056,0x0004003d,0x00000006,0x000003b8,0x000003b7,0x00060050,
	0x00000007,0x000003b9,0x000003b8,0x000003b8,0x000003b8,0x00050081,0x00000007,0x000003ba,
	0x000003b6,0x000003b9,0x0003003e,0x000003b2,0x000003ba,0x00050041,0x0000001a,0x000003bc,
	0x000003aa,0x00000053,0x0004003d,0x00000006,0x000003bd,0x000003bc,0x00050041,0x0000001a,
	0x000003be,0x000003aa,0x00000056,0x0004003d,0x00000006,0x000003bf,0x000003be,0x00050081,
	0x00000006,0x000003c0,0x000003bd,0x000003bf,0x00050083,0x00000006,0x000003c1,0x0000007e,
	0x000003c0,0x0008000c,0x00000006,0x000003c2,0x00000001,0x0000002b,0x000003c1,0x0000007f,
	0x0000007e,0x0003003e,0x000003bb,0x000003c2,0x0004003d,0x00000007,0x000003c4,0x000002c1,
	0x0004003d,0x00000007,0x000003c5,0x000002c1,0x00060050,0x00000007,0x000003c6,0x0000007e,
	0x0000007e,0x0000007e,0x00050083,0x00000007,0x000003c7,0x000003c6,0x000003c5,0x00060050,
	0x00000007,0x000003c9,0x000003c8,0x000003c8,0x000003c8,0x00050088,0x00000007,0x000003ca,
	0x000003c7,0x000003c9,0x00050081,0x00000007,0x000003cb,0x000003c4,0x000003ca,0x0003003e,
	0x000003c3,0x000003cb,0x0004003d,0x00000006,0x000003cd,0x000003bb,0x0004003d,0x00000007,
	0x000003ce,0x000003b2,0x0005008e,0x00000007,0x000003cf,0x000003ce,0x000003cd,0x0004003d,
	0x00000007,0x000003d0,0x000003c3,0x00050085,0x00000007,0x000003d1,0x000003cf,0x000003d0,
	0x0004003d,0x00000007,0x000003d2,0x000003c3,0x0004003d,0x00000006,0x000003d3,0x000003bb,
	0x0005008e,0x00000007,0x000003d4,0x000003d2,0x000003d3,0x00060050,0x00000007,0x000003d5,
	0x0000007e,0x0000007e,0x0000007e,0x00050083,0x00000007,0x000003d6,0x000003d5,0x000003d4,
	0x00060050,0x00000007,0x000003d7,0x00000188,0x00000188,0x00000188,0x0007000c,0x00000007,
	0x000003d8,0x00000001,0x00000028,0x000003d6,0x000003d7,0x00050088,0x00000007,0x000003d9,
	0x000003d1,0x000003d8,0x0003003e,0x000003cc,0x000003d9,0x0004003d,0x00000007,0x000003db,
	0x000003b2,0x0004003d,0x00000007,0x000003dc,0x000003cc,0x00050081,0x00000007,0x000003dd,
	0x000003db,0x000003dc,0x0003003e,0x000003da,0x000003dd,0x0004003d,0x00000007,0x000003df,
	0x0000039e,0x0004003d,0x00000006,0x000003e1,0x000002bc,0x0003003e,0x000003e0,0x000003e1,
	0x0004003d,0x00000006,0x000003e3,0x00000293,0x0003003e,0x000003e2,0x000003e3,0x0004003d,
	0x00000006,0x000003e5,0x0000028b,0x0003003e,0x000003e4,0x000003e5,0x00070039,0x00000006,
	0x000003e6,0x0000002e,0x000003e0,0x000003e2,0x000003e4,0x0005008e,0x00000007,0x000003e7,
	0x000003df,0x000003e6,0x0004003d,0x00000007,0x000003e8,0x000003da,0x00050085,0x00000007,
	0x000003e9,0x000003e7,0x000003e8,0x0003003e,0x000003de,0x000003e9,0x0004003d,0x0000012c,
	0x000003ec,0x000003eb,0x0004003d,0x0000003d,0x000003ed,0x00000261,0x00050057,0x000000c1,
	0x000003ee,0x000003ec,0x000003ed,0x0008004f,0x00000007,0x000003f0,0x000003ee,0x000003ee,
	0x00000000,0x00000001,0x00000002,0x0003003e,0x000003ef,0x000003f0,0x00050039,0x00000007,
	0x000003f1,0x00000012,0x000003ef,0x0004003d,0x000000c1,0x000003f2,0x00000299,0x0008004f,
	0x00000007,0x000003f3,0x000003f2,0x000003f2,0x00000000,0x00000001,0x00000002,0x00050085,
	0x00000007,0x000003f4,0x000003f1,0x000003f3,0x0003003e,0x000003ea,0x000003f4,0x0004003d,
	0x00000007,0x000003f6,0x000002e0,0x0004003d,0x00000007,0x000003f7,0x00000325,0x00050081,
	0x00000007,0x000003f8,0x000003f6,0x000003f7,0x0004003d,0x00000007,0x000003f9,0x0000034d,
	0x00050081,0x00000007,0x000003fa,0x000003f8,0x000003f9,0x0004003d,0x00000007,0x000003fb,
	0x00000393,0x0004003d,0x00000006,0x000003fc,0x00000293,0x0005008e,0x00000007,0x000003fd,
	0x000003fb,0x000003fc,0x00050081,0x00000007,0x000003fe,0x000003fa,0x000003fd,0x0004003d,
	0x00000007,0x000003ff,0x000003de,0x00050081,0x00000007,0x00000400,0x000003fe,0x000003ff,
	0x0004003d,0x00000007,0x00000401,0x000003ea,0x00050081,0x00000007,0x00000402,0x00000400,
	0x00000401,0x0003003e,0x000003f5,0x00000402,0x0004003d,0x00000006,0x00000404,0x00000403,
	0x000500ba,0x000000e7,0x00000405,0x00000404,0x0000007f,0x000300f7,0x00000407,0x00000000,
	0x000400fa,0x00000405,0x00000406,0x00000407,0x000200f8,0x00000406,0x0004003d,0x00000007,
	0x00000409,0x000002a8,0x0005008e,0x00000007,0x0000040a,0x00000409,0x00000190,0x0003003e,
	0x0000040b,0x0000040a,0x00050039,0x00000006,0x0000040c,0x0000000e,0x0000040b,0x0003003e,
	0x00000408,0x0000040c,0x0004003d,0x00000006,0x0000040e,0x00000403,0x00050085,0x00000006,
	0x00000410,0x0000040e,0x0000040f,0x00050083,0x00000006,0x00000412,0x00000410,0x00000411,
	0x0003003e,0x0000040d,0x00000412,0x0004003d,0x00000006,0x00000413,0x00000408,0x0004003d,
	0x00000006,0x00000414,0x0000040d,0x000500b8,0x000000e7,0x00000415,0x00000413,0x00000414,
	0x000300f7,0x00000417,0x00000000,0x000400fa,0x00000415,0x00000416,0x00000417,0x000200f8,
	0x00000416,0x000100fc,0x000200f8,0x00000417,0x0004003d,0x00000006,0x0000041b,0x00000408,
	0x0004003d,0x00000006,0x0000041c,0x0000040d,0x00050083,0x00000006,0x0000041d,0x0000041b,
	0x0000041c,0x0006000c,0x00000006,0x0000041e,0x00000001,0x00000004,0x0000041d,0x0008000c,
	0x00000006,0x0000041f,0x00000001,0x00000031,0x0000007f,0x0000041a,0x0000041e,0x00050083,
	0x00000006,0x00000420,0x0000007e,0x0000041f,0x0003003e,0x00000419,0x00000420,0x0004003d,
	0x00000006,0x00000423,0x00000419,0x0005008e,0x00000007,0x00000424,0x00000422,0x00000423,
	0x0005008e,0x00000007,0x00000425,0x00000424,0x00000074,0x0004003d,0x00000007,0x00000426,
	0x000003f5,0x00050081,0x00000007,0x00000427,0x00000426,0x00000425,0x0003003e,0x000003f5,
	0x00000427,0x000200f9,0x00000407,0x000200f8,0x00000407,0x0004003d,0x00000007,0x0000042a,
	0x000003f5,0x0007000c,0x00000007,0x0000042b,0x00000001,0x00000028,0x0000042a,0x000000ba,
	0x00050041,0x0000001a,0x0000042c,0x0000025d,0x000000d6,0x0004003d,0x00000006,0x0000042d,
	0x0000042c,0x00050051,0x00000006,0x0000042e,0x0000042b,0x00000000,0x00050051,0x00000006,
	0x0000042f,0x0000042b,0x00000001,0x00050051,0x00000006,0x00000430,0x0000042b,0x00000002,
	0x00070050,0x000000c1,0x00000431,0x0000042e,0x0000042f,0x00000430,0x0000042d,0x0003003e,
	0x00000429,0x00000431,0x000100fd,0x00010038,0x00050036,0x00000006,0x0000000b,0x00000000,
	0x00000009,0x00030037,0x00000008,0x0000000a,0x000200f8,0x0000000c,0x0004003d,0x00000007,
	0x00000046,0x0000000a,0x0005008e,0x00000007,0x00000048,0x00000046,0x00000047,0x00050081,
	0x00000007,0x0000004d,0x00000048,0x0000004c,0x0006000c,0x00000007,0x0000004e,0x00000001,
	0x0000000a,0x0000004d,0x0003003e,0x0000000a,0x0000004e,0x0004003d,0x00000007,0x00000050,
	0x0000000a,0x0005008e,0x00000007,0x00000051,0x00000050,0x0000004f,0x0003003e,0x0000000a,
	0x00000051,0x00050041,0x0000001a,0x00000054,0x0000000a,0x00000053,0x0004003d,0x00000006,
	0x00000055,0x00000054,0x00050041,0x0000001a,0x00000057,0x0000000a,0x00000056,0x0004003d,
	0x00000006,0x00000058,0x00000057,0x00050085,0x00000006,0x00000059,0x00000055,0x00000058,
	0x00050041,0x0000001a,0x0000005b,0x0000000a,0x0000005a,0x0004003d,0x00000006,0x0000005c,
	0x0000005b,0x00050085,0x00000006,0x0000005d,0x00000059,0x0000005c,0x00050041,0x0000001a,
	0x0000005e,0x0000000a,0x00000053,0x0004003d,0x00000006,0x0000005f,0x0000005e,0x00050041,
	0x0000001a,0x00000060,0x0000000a,0x00000056,0x0004003d,0x00000006,0x00000061,0x00000060,
	0x00050081,0x00000006,0x00000062,0x0000005f,0x00000061,0x00050041,0x0000001a,0x00000063,
	0x0000000a,0x0000005a,0x0004003d,0x00000006,0x00000064,0x00000063,0x00050081,0x00000006,
	0x00000065,0x00000062,0x00000064,0x00050085,0x00000006,0x00000066,0x0000005d,0x00000065,
	0x0006000c,0x00000006,0x00000067,0x00000001,0x0000000a,0x00000066,0x000200fe,0x00000067,
	0x00010038,0x00050036,0x00000006,0x0000000e,0x00000000,0x00000009,0x00030037,0x00000008,
	0x0000000d,0x000200f8,0x0000000f,0x0004003b,0x00000008,0x0000006a,0x00000007,0x0004003b,
	0x00000008,0x0000006d,0x00000007,0x0004003b,0x00000008,0x0000007a,0x00000007,0x0004003b,
	0x00000008,0x00000082,0x00000007,0x0004003b,0x00000008,0x0000008a,0x00000007,0x0004003b,
	0x00000008,0x0000008f,0x00000007,0x0004003b,0x00000008,0x0000009a,0x00000007,0x0004003b,
	0x00000008,0x0000009f,0x00000007,0x0004003b,0x00000008,0x000000a7,0x00000007,0x0004003b,
	0x00000008,0x000000ac,0x00000007,0x0004003d,0x00000007,0x0000006b,0x0000000d,0x0006000c,
	0x00000007,0x0000006c,0x00000001,0x00000008,0x0000006b,0x0003003e,0x0000006a,0x0000006c,
	0x0004003d,0x00000007,0x0000006e,0x0000000d,0x0006000c,0x00000007,0x0000006f,0x00000001,
	0x0000000a,0x0000006e,0x0003003e,0x0000006d,0x0000006f,0x0004003d,0x00000007,0x00000070,
	0x0000006d,0x0004003d,0x00000007,0x00000071,0x0000006d,0x00050085,0x00000007,0x00000072,
	0x00000070,0x00000071,0x0004003d,0x00000007,0x00000075,0x0000006d,0x0005008e,0x00000007,
	0x00000076,0x00000075,0x00000074,0x00060050,0x00000007,0x00000077,0x00000073,0x00000073,
	0x00000073,0x00050083,0x00000007,0x00000078,0x00000077,0x00000076,0x00050085,0x00000007,
	0x00000079,0x00000072,0x00000078,0x0003003e,0x0000006d,0x00000079,0x0004003d,0x00000007,
	0x0000007b,0x0000006a,0x0003003e,0x0000007a,0x0000007b,0x00050039,0x00000006,0x0000007c,
	0x0000000b,0x0000007a,0x0004003d,0x00000007,0x0000007d,0x0000006a,0x00050081,0x00000007,
	0x00000081,0x0000007d,0x00000080,0x0003003e,0x00000082,0x00000081,0x00050039,0x00000006,
	0x00000083,0x0000000b,0x00000082,0x00050041,0x0000001a,0x00000084,0x0000006d,0x00000053,
	0x0004003d,0x00000006,0x00000085,0x00000084,0x0008000c,0x00000006,0x00000086,0x00000001,
	0x0000002e,0x0000007c,0x00000083,0x00000085,0x0004003d,0x00000007,0x00000087,0x0000006a,
	0x00050081,0x00000007,0x00000089,0x00000087,0x00000088,0x0003003e,0x0000008a,0x00000089,
	0x00050039,0x00000006,0x0000008b,0x0000000b,0x0000008a,0x0004003d,0x00000007,0x0000008c,
	0x0000006a,0x00050081,0x00000007,0x0000008e,0x0000008c,0x0000008d,0x0003003e,0x0000008f,
	0x0000008e,0x00050039,0x00000006,0x00000090,0x0000000b,0x0000008f,0x00050041,0x0000001a,
	0x00000091,0x0000006d,0x00000053,0x0004003d,0x00000006,0x00000092,0x00000091,0x0008000c,
	0x00000006,0x00000093,0x00000001,0x0000002e,0x0000008b,0x00000090,0x00000092,0x00050041,
	0x0000001a,0x00000094,0x0000006d,0x00000056,0x0004003d,0x00000006,0x00000095,0x00000094,
	0x0008000c,0x00000006,0x00000096,0x00000001,0x0000002e,0x00000086,0x00000093,0x00000095,
	0x0004003d,0x00000007,0x00000097,0x0000006a,0x00050081,0x00000007,0x00000099,0x00000097,
	0x00000098,0x0003003e,0x0000009a,0x00000099,0x00050039,0x00000006,0x0000009b,0x0000000b,
	0x0000009a,0x0004003d,0x00000007,0x0000009c,0x0000006a,0x00050081,0x00000007,0x0000009e,
	0x0000009c,0x0000009d,0x0003003e,0x0000009f,0x0000009e,0x00050039,0x00000006,0x000000a0,
	0x0000000b,0x0000009f,0x00050041,0x0000001a,0x000000a1,0x0000006d,0x00000053,0x0004003d,
	0x00000006,0x000000a2,0x000000a1,0x0008000c,0x00000006,0x000000a3,0x00000001,0x0000002e,
	0x0000009b,0x000000a0,0x000000a2,0x0004003d,0x00000007,0x000000a4,0x0000006a,0x00050081,
	0x00000007,0x000000a6,0x000000a4,0x000000a5,0x0003003e,0x000000a7,0x000000a6,0x00050039,
	0x00000006,0x000000a8,0x0000000b,0x000000a7,0x0004003d,0x00000007,0x000000a9,0x0000006a,
	0x00050081,0x00000007,0x000000ab,0x000000a9,0x000000aa,0x0003003e,0x000000ac,0x000000ab,
	0x00050039,0x00000006,0x000000ad,0x0000000b,0x000000ac,0x00050041,0x0000001a,0x000000ae,
	0x0000006d,0x00000053,0x0004003d,0x00000006,0x000000af,0x000000ae,0x0008000c,0x00000006,
	0x000000b0,0x00000001,0x0000002e,0x000000a8,0x000000ad,0x000000af,0x00050041,0x0000001a,
	0x000000b1,0x0000006d,0x00000056,0x0004003d,0x00000006,0x000000b2,0x000000b1,0x0008000c,
	0x00000006,0x000000b3,0x00000001,0x0000002e,0x000000a3,0x000000b0,0x000000b2,0x00050041,
	0x0000001a,0x000000b4,0x0000006d,0x0000005a,0x0004003d,0x00000006,0x000000b5,0x000000b4,
	0x0008000c,0x00000006,0x000000b6,0x00000001,0x0000002e,0x00000096,0x000000b3,0x000000b5,
	0x000200fe,0x000000b6,0x00010038,0x00050036,0x00000007,0x00000012,0x00000000,0x00000010,
	0x00030037,0x00000008,0x00000011,0x000200f8,0x00000013,0x0004003d,0x00000007,0x000000b9,
	0x00000011,0x0007000c,0x00000007,0x000000bb,0x00000001,0x00000028,0x000000b9,0x000000ba,
	0x0007000c,0x00000007,0x000000be,0x00000001,0x0000001a,0x000000bb,0x000000bd,0x000200fe,
	0x000000be,0x00010038,0x00050036,0x00000006,0x00000018,0x00000000,0x00000014,0x00030037,
	0x00000008,0x00000015,0x00030037,0x00000008,0x00000016,0x00030037,0x00000008,0x00000017,
	0x000200f8,0x00000019,0x0004003b,0x000000c2,0x000000c3,0x00000007,0x0004003b,0x00000008,
	0x000000d3,0x00000007,0x0004003b,0x0000003e,0x000000dd,0x00000007,0x0004003b,0x0000001a,
	0x000000e4,0x00000007,0x0004003b,0x0000001a,0x00000109,0x00000007,0x0004003b,0x0000003e,
	0x00000113,0x00000007,0x0004003b,0x0000001a,0x00000116,0x00000007,0x0004003b,0x00000117,
	0x00000118,0x00000007,0x0004003b,0x00000117,0x00000122,0x00000007,0x0004003b,0x0000001a,
	0x0000012a,0x00000007,0x00050041,0x000000ca,0x000000cb,0x000000c7,0x000000c9,0x0004003d,
	0x000000c4,0x000000cc,0x000000cb,0x0004003d,0x00000007,0x000000cd,0x00000015,0x00050051,
	0x00000006,0x000000ce,0x000000cd,0x00000000,0x00050051,0x00000006,0x000000cf,0x000000cd,
	0x00000001,0x00050051,0x00000006,0x000000d0,0x000000cd,0x00000002,0x00070050,0x000000c1,
	0x000000d1,0x000000ce,0x000000cf,0x000000d0,0x0000007e,0x00050091,0x000000c1,0x000000d2,
	0x000000cc,0x000000d1,0x0003003e,0x000000c3,0x000000d2,0x0004003d,0x000000c1,0x000000d4,
	0x000000c3,0x0008004f,0x00000007,0x000000d5,0x000000d4,0x000000d4,0x00000000,0x00000001,
	0x00000002,0x00050041,0x0000001a,0x000000d7,0x000000c3,0x000000d6,0x0004003d,0x00000006,
	0x000000d8,0x000000d7,0x0007000c,0x00000006,0x000000da,0x00000001,0x00000028,0x000000d8,
	0x000000d9,0x00060050,0x00000007,0x000000db,0x000000da,0x000000da,0x000000da,0x00050088,
	0x00000007,0x000000dc,0x000000d5,0x000000db,0x0003003e,0x000000d3,0x000000dc,0x0004003d,
	0x00000007,0x000000de,0x000000d3,0x0007004f,0x0000003d,0x000000df,0x000000de,0x000000de,
	0x00000000,0x00000001,0x0005008e,0x0000003d,0x000000e1,0x000000df,0x000000e0,0x00050050,
	0x0000003d,0x000000e2,0x000000e0,0x000000e0,0x00050081,0x0000003d,0x000000e3,0x000000e1,
	0x000000e2,0x0003003e,0x000000dd,0x000000e3,0x00050041,0x0000001a,0x000000e5,0x000000d3,
	0x0000005a,0x0004003d,0x00000006,0x000000e6,0x000000e5,0x0003003e,0x000000e4,0x000000e6,
	0x00050041,0x0000001a,0x000000e8,0x000000dd,0x00000053,0x0004003d,0x00000006,0x000000e9,
	0x000000e8,0x000500bc,0x000000e7,0x000000ea,0x000000e9,0x0000007f,0x000400a8,0x000000e7,
	0x000000eb,0x000000ea,0x000300f7,0x000000ed,0x00000000,0x000400fa,0x000000eb,0x000000ec,
	0x000000ed,0x000200f8,0x000000ec,0x00050041,0x0000001a,0x000000ee,0x000000dd,0x00000053,
	0x0004003d,0x00000006,0x000000ef,0x000000ee,0x000500be,0x000000e7,0x000000f0,0x000000ef,
	0x0000007e,0x000200f9,0x000000ed,0x000200f8,0x000000ed,0x000700f5,0x000000e7,0x000000f1,
	0x000000ea,0x00000019,0x000000f0,0x000000ec,0x000400a8,0x000000e7,0x000000f2,0x000000f1,
	0x000300f7,0x000000f4,0x00000000,0x000400fa,0x000000f2,0x000000f3,0x000000f4,0x000200f8,
	0x000000f3,0x00050041,0x0000001a,0x000000f5,0x000000dd,0x00000056,0x0004003d,0x00000006,
	0x000000f6,0x000000f5,0x000500bc,0x000000e7,0x000000f7,0x000000f6,0x0000007f,0x000200f9,
	0x000000f4,0x000200f8,0x000000f4,0x000700f5,0x000000e7,0x000000f8,0x000000f1,0x000000ed,
	0x000000f7,0x000000f3,0x000400a8,0x000000e7,0x000000f9,0x000000f8,0x000300f7,0x000000fb,
	0x00000000,0x000400fa,0x000000f9,0x000000fa,0x000000fb,0x000200f8,0x000000fa,0x00050041,
	0x0000001a,0x000000fc,0x000000dd,0x00000056,0x0004003d,0x00000006,0x000000fd,0x000000fc,
	0x000500be,0x000000e7,0x000000fe,0x000000fd,0x0000007e,0x000200f9,0x000000fb,0x000200f8,
	0x000000fb,0x000700f5,0x000000e7,0x000000ff,0x000000f8,0x000000f4,0x000000fe,0x000000fa,
	0x0004003d,0x00000006,0x00000100,0x000000e4,0x000500bc,0x000000e7,0x00000101,0x00000100,
	0x0000007f,0x000500a6,0x000000e7,0x00000102,0x000000ff,0x00000101,0x0004003d,0x00000006,
	0x00000103,0x000000e4,0x000500be,0x000000e7,0x00000104,0x00000103,0x0000007e,0x000500a6,
	0x000000e7,0x00000105,0x00000102,0x00000104,0x000300f7,0x00000107,0x00000000,0x000400fa,
	0x00000105,0x00000106,0x00000107,0x000200f8,0x00000106,0x000200fe,0x0000007e,0x000200f8,
	0x00000107,0x0004003d,0x00000007,0x0000010b,0x00000016,0x0004003d,0x00000007,0x0000010c,
	0x00000017,0x00050094,0x00000006,0x0000010d,0x0000010b,0x0000010c,0x0007000c,0x00000006,
	0x0000010e,0x00000001,0x00000028,0x0000010d,0x0000007f,0x00050083,0x00000006,0x0000010f,
	0x0000007e,0x0000010e,0x00050085,0x00000006,0x00000110,0x0000010a,0x0000010f,0x0007000c,
	0x00000006,0x00000112,0x00000001,0x00000028,0x00000110,0x00000111,0x0003003e,0x00000109,
	0x00000112,0x0003003e,0x00000113,0x00000115,0x0003003e,0x00000116,0x0000007f,0x0003003e,
	0x00000118,0x00000119,0x000200f9,0x0000011a,0x000200f8,0x0000011a,0x000400f6,0x0000011c,
	0x0000011d,0x00000000,0x000200f9,0x0000011e,0x000200f8,0x0000011e,0x0004003d,0x000000c8,
	0x0000011f,0x00000118,0x000500b3,0x000000e7,0x00000121,0x0000011f,0x00000120,0x000400fa,
	0x00000121,0x0000011b,0x0000011c,0x000200f8,0x0000011b,0x0003003e,0x00000122,0x00000119,
	0x000200f9,0x00000123,0x000200f8,0x00000123,0x000400f6,0x00000125,0x00000126,0x00000000,
	0x000200f9,0x00000127,0x000200f8,0x00000127,0x0004003d,0x000000c8,0x00000128,0x00000122,
	0x000500b3,0x000000e7,0x00000129,0x00000128,0x00000120,0x000400fa,0x00000129,0x00000124,
	0x00000125,0x000200f8,0x00000124,0x0004003d,0x0000012c,0x0000012f,0x0000012e,0x0004003d,
	0x0000003d,0x00000130,0x000000dd,0x0004003d,0x000000c8,0x00000131,0x00000122,0x0004006f,
	0x00000006,0x00000132,0x00000131,0x0004003d,0x000000c8,0x00000133,0x00000118,0x0004006f,
	0x00000006,0x00000134,0x00000133,0x00050050,0x0000003d,0x00000135,0x00000132,0x00000134,
	0x0004003d,0x0000003d,0x00000136,0x00000113,0x00050085,0x0000003d,0x00000137,0x00000135,
	0x00000136,0x00050081,0x0000003d,0x00000138,0x00000130,0x00000137,0x00050057,0x000000c1,
	0x00000139,0x0000012f,0x00000138,0x00050051,0x00000006,0x0000013a,0x00000139,0x00000000,
	0x0003003e,0x0000012a,0x0000013a,0x0004003d,0x00000006,0x0000013b,0x000000e4,0x0004003d,
	0x00000006,0x0000013c,0x00000109,0x00050083,0x00000006,0x0000013d,0x0000013b,0x0000013c,
	0x0004003d,0x00000006,0x0000013e,0x0000012a,0x000500bc,0x000000e7,0x0000013f,0x0000013d,
	0x0000013e,0x000600a9,0x00000006,0x00000140,0x0000013f,0x0000007e,0x0000007f,0x0004003d,
	0x00000006,0x00000141,0x00000116,0x00050081,0x00000006,0x00000142,0x00000141,0x00000140,
	0x0003003e,0x00000116,0x00000142,0x000200f9,0x00000126,0x000200f8,0x00000126,0x0004003d,
	0x000000c8,0x00000143,0x00000122,0x00050080,0x000000c8,0x00000144,0x00000143,0x00000120,
	0x0003003e,0x00000122,0x00000144,0x000200f9,0x00000123,0x000200f8,0x00000125,0x000200f9,
	0x0000011d,0x000200f8,0x0000011d,0x0004003d,0x000000c8,0x00000145,0x00000118,0x00050080,
	0x000000c8,0x00000146,0x00000145,0x00000120,0x0003003e,0x00000118,0x00000146,0x000200f9,
	0x0000011a,0x000200f8,0x0000011c,0x0004003d,0x00000006,0x00000147,0x00000116,0x00050088,
	0x00000006,0x00000149,0x00000147,0x00000148,0x000200fe,0x00000149,0x00010038,0x00050036,
	0x00000006,0x0000001e,0x00000000,0x0000001b,0x00030037,0x0000001a,0x0000001c,0x00030037,
	0x0000001a,0x0000001d,0x000200f8,0x0000001f,0x0004003b,0x0000001a,0x0000014c,0x00000007,
	0x0004003b,0x0000001a,0x00000150,0x00000007,0x0004003b,0x0000001a,0x00000154,0x00000007,
	0x0004003d,0x00000006,0x0000014d,0x0000001d,0x0004003d,0x00000006,0x0000014e,0x0000001d,
	0x00050085,0x00000006,0x0000014f,0x0000014d,0x0000014e,0x0003003e,0x0000014c,0x0000014f,
	0x0004003d,0x00000006,0x00000151,0x0000014c,0x0004003d,0x00000006,0x00000152,0x0000014c,
	0x00050085,0x00000006,0x00000153,0x00000151,0x00000152,0x0003003e,0x00000150,0x00000153,
	0x0004003d,0x00000006,0x00000155,0x0000001c,0x0004003d,0x00000006,0x00000156,0x0000001c,
	0x00050085,0x00000006,0x00000157,0x00000155,0x00000156,0x0004003d,0x00000006,0x00000158,
	0x00000150,0x00050083,0x00000006,0x00000159,0x00000158,0x0000007e,0x00050085,0x00000006,
	0x0000015a,0x00000157,0x00000159,0x00050081,0x00000006,0x0000015b,0x0000015a,0x0000007e,
	0x0003003e,0x00000154,0x0000015b,0x0004003d,0x00000006,0x0000015c,0x00000150,0x0004003d,
	0x00000006,0x0000015e,0x00000154,0x00050085,0x00000006,0x0000015f,0x0000015d,0x0000015e,
	0x0004003d,0x00000006,0x00000160,0x00000154,0x00050085,0x00000006,0x00000161,0x0000015f,
	0x00000160,0x00050088,0x00000006,0x00000162,0x0000015c,0x00000161,0x000200fe,0x00000162,
	0x00010038,0x00050036,0x00000006,0x00000024,0x00000000,0x00000020,0x00030037,0x0000001a,
	0x00000021,0x00030037,0x0000001a,0x00000022,0x00030037,0x0000001a,0x00000023,0x000200f8,
	0x00000025,0x0004003b,0x0000001a,0x00000165,0x00000007,0x0004003b,0x0000001a,0x00000169,
	0x00000007,0x0004003b,0x0000001a,0x0000016d,0x00000007,0x0004003b,0x0000001a,0x00000179,
	0x00000007,0x0004003d,0x00000006,0x00000166,0x00000023,0x0004003d,0x00000006,0x00000167,
	0x00000023,0x00050085,0x00000006,0x00000168,0x00000166,0x00000167,0x0003003e,0x00000165,
	0x00000168,0x0004003d,0x00000006,0x0000016a,0x00000165,0x0004003d,0x00000006,0x0000016b,
	0x00000165,0x00050085,0x00000006,0x0000016c,0x0000016a,0x0000016b,0x0003003e,0x00000169,
	0x0000016c,0x0004003d,0x00000006,0x0000016e,0x00000022,0x0004003d,0x00000006,0x0000016f,
	0x00000021,0x0004003d,0x00000006,0x00000170,0x00000021,0x00050085,0x00000006,0x00000171,
	0x0000016f,0x00000170,0x0004003d,0x00000006,0x00000172,0x00000169,0x00050083,0x00000006,
	0x00000173,0x0000007e,0x00000172,0x00050085,0x00000006,0x00000174,0x00000171,0x00000173,
	0x0004003d,0x00000006,0x00000175,0x00000169,0x00050081,0x00000006,0x00000176,0x00000174,
	0x00000175,0x0006000c,0x00000006,0x00000177,0x00000001,0x0000001f,0x00000176,0x00050085,
	0x00000006,0x00000178,0x0000016e,0x00000177,0x0003003e,0x0000016d,0x00000178,0x0004003d,
	0x00000006,0x0000017a,0x00000021,0x0004003d,0x00000006,0x0000017b,0x00000022,0x0004003d,
	0x00000006,0x0000017c,0x00000022,0x00050085,0x00000006,0x0000017d,0x0000017b,0x0000017c,
	0x0004003d,0x00000006,0x0000017e,0x00000169,0x00050083,0x00000006,0x0000017f,0x0000007e,
	0x0000017e,0x00050085,0x00000006,0x00000180,0x0000017d,0x0000017f,0x0004003d,0x00000006,
	0x00000181,0x00000169,0x00050081,0x00000006,0x00000182,0x00000180,0x00000181,0x0006000c,
	0x00000006,0x00000183,0x00000001,0x0000001f,0x00000182,0x00050085,0x00000006,0x00000184,
	0x0000017a,0x00000183,0x0003003e,0x00000179,0x00000184,0x0004003d,0x00000006,0x00000185,
	0x0000016d,0x0004003d,0x00000006,0x00000186,0x00000179,0x00050081,0x00000006,0x00000187,
	0x00000185,0x00000186,0x0007000c,0x00000006,0x00000189,0x00000001,0x00000028,0x00000187,
	0x00000188,0x00050088,0x00000006,0x0000018a,0x000000e0,0x00000189,0x000200fe,0x0000018a,
	0x00010038,0x00050036,0x00000007,0x00000029,0x00000000,0x00000026,0x00030037,0x00000008,
	0x00000027,0x00030037,0x0000001a,0x00000028,0x000200f8,0x0000002a,0x0004003b,0x0000001a,
	0x0000018d,0x00000007,0x0004003d,0x00000006,0x0000018e,0x00000028,0x00050083,0x00000006,
	0x0000018f,0x0000007e,0x0000018e,0x0007000c,0x00000006,0x00000191,0x00000001,0x0000001a,
	0x0000018f,0x00000190,0x0003003e,0x0000018d,0x00000191,0x0004003d,0x00000007,0x00000192,
	0x00000027,0x0004003d,0x00000007,0x00000193,0x00000027,0x00060050,0x00000007,0x00000194,
	0x0000007e,0x0000007e,0x0000007e,0x00050083,0x00000007,0x00000195,0x00000194,0x00000193,
	0x0004003d,0x00000006,0x00000196,0x0000018d,0x0005008e,0x00000007,0x00000197,0x00000195,
	0x00000196,0x00050081,0x00000007,0x00000198,0x00000192,0x00000197,0x000200fe,0x00000198,
	0x00010038,0x00050036,0x00000006,0x0000002e,0x00000000,0x00000020,0x00030037,0x0000001a,
	0x0000002b,0x00030037,0x0000001a,0x0000002c,0x00030037,0x0000001a,0x0000002d,0x000200f8,
	0x0000002f,0x0004003d,0x00000006,0x0000019b,0x0000002b,0x0004003d,0x00000006,0x0000019c,
	0x0000002c,0x00050081,0x00000006,0x0000019d,0x0000019b,0x0000019c,0x0004003d,0x00000006,
	0x0000019f,0x0000002d,0x00050085,0x00000006,0x000001a0,0x0000019e,0x0000019f,0x00050083,
	0x00000006,0x000001a1,0x000001a0,0x0000007e,0x0006000c,0x00000006,0x000001a2,0x00000001,
	0x0000001d,0x000001a1,0x0007000c,0x00000006,0x000001a3,0x00000001,0x0000001a,0x0000019d,
	0x000001a2,0x00050083,0x00000006,0x000001a4,0x000001a3,0x0000007e,0x0004003d,0x00000006,
	0x000001a5,0x0000002c,0x00050081,0x00000006,0x000001a6,0x000001a4,0x000001a5,0x0008000c,
	0x00000006,0x000001a7,0x00000001,0x0000002b,0x000001a6,0x0000007f,0x0000007e,0x000200fe,
	0x000001a7,0x00010038,0x00050036,0x00000007,0x0000003b,0x00000000,0x00000030,0x00030037,
	0x00000008,0x00000031,0x00030037,0x00000008,0x00000032,0x00030037,0x00000008,0x00000033,
	0x00030037,0x00000008,0x00000034,0x00030037,0x0000001a,0x00000035,0x00030037,0x00000008,
	0x00000036,0x00030037,0x0000001a,0x00000037,0x00030037,0x0000001a,0x00000038,0x00030037,
	0x00000008,0x00000039,0x00030037,0x00000008,0x0000003a,0x000200f8,0x0000003c,0x0004003b,
	0x00000008,0x000001aa,0x00000007,0x0004003b,0x0000001a,0x000001ae,0x00000007,0x0004003b,
	0x00000008,0x000001b1,0x00000007,0x0004003b,0x0000001a,0x000001b7,0x00000007,0x0004003b,
	0x00000008,0x000001bd,0x00000007,0x0004003b,0x0000001a,0x000001c2,0x00000007,0x0004003b,
	0x0000001a,0x000001c7,0x00000007,0x0004003b,0x0000001a,0x000001cc,0x00000007,0x0004003b,
	0x00000008,0x000001d1,0x00000007,0x0004003b,0x00000008,0x000001d2,0x00000007,0x0004003b,
	0x0000001a,0x000001d4,0x00000007,0x0004003b,0x00000008,0x000001d7,0x00000007,0x0004003b,
	0x0000001a,0x000001d8,0x00000007,0x0004003b,0x0000001a,0x000001da,0x00000007,0x0004003b,
	0x0000001a,0x000001df,0x00000007,0x0004003b,0x0000001a,0x000001e1,0x00000007,0x0004003b,
	0x0000001a,0x000001e2,0x00000007,0x0004003b,0x00000008,0x000001e8,0x00000007,0x0004003d,
	0x00000007,0x000001ab,0x00000031,0x0004003d,0x00000007,0x000001ac,0x0000003a,0x00050083,
	0x00000007,0x000001ad,0x000001ab,0x000001ac,0x0003003e,0x000001aa,0x000001ad,0x0004003d,
	0x00000007,0x000001af,0x000001aa,0x0006000c,0x00000006,0x000001b0,0x00000001,0x00000042,
	0x000001af,0x0003003e,0x000001ae,0x000001b0,0x0004003d,0x00000007,0x000001b2,0x000001aa,
	0x0004003d,0x00000006,0x000001b3,0x000001ae,0x0007000c,0x00000006,0x000001b4,0x00000001,
	0x00000028,0x000001b3,0x00000188,0x00060050,0x00000007,0x000001b5,0x000001b4,0x000001b4,
	0x000001b4,0x00050088,0x00000007,0x000001b6,0x000001b2,0x000001b5,0x0003003e,0x000001b1,
	0x000001b6,0x0004003d,0x00000006,0x000001b8,0x000001ae,0x0004003d,0x00000006,0x000001b9,
	0x000001ae,0x00050085,0x00000006,0x000001ba,0x000001b8,0x000001b9,0x00050081,0x00000006,
	0x000001bb,0x0000007e,0x000001ba,0x00050088,0x00000006,0x000001bc,0x0000007e,0x000001bb,
	0x0003003e,0x000001b7,0x000001bc,0x0004003d,0x00000007,0x000001be,0x00000034,0x0004003d,
	0x00000007,0x000001bf,0x000001b1,0x00050081,0x00000007,0x000001c0,0x000001be,0x000001bf,
	0x0006000c,0x00000007,0x000001c1,0x00000001,0x00000045,0x000001c0,0x0003003e,0x000001bd,
	0x000001c1,0x0004003d,0x00000007,0x000001c3,0x00000033,0x0004003d,0x00000007,0x000001c4,
	0x000001b1,0x00050094,0x00000006,0x000001c5,0x000001c3,0x000001c4,0x0007000c,0x00000006,
	0x000001c6,0x00000001,0x00000028,0x000001c5,0x0000007f,0x0003003e,0x000001c2,0x000001c6,
	0x0004003d,0x00000007,0x000001c8,0x00000033,0x0004003d,0x00000007,0x000001c9,0x000001bd,
	0x00050094,0x00000006,0x000001ca,0x000001c8,0x000001c9,0x0007000c,0x00000006,0x000001cb,
	0x00000001,0x00000028,0x000001ca,0x0000007f,0x0003003e,0x000001c7,0x000001cb,0x0004003d,
	0x00000007,0x000001cd,0x00000034,0x0004003d,0x00000007,0x000001ce,0x000001bd,0x00050094,
	0x00000006,0x000001cf,0x000001cd,0x000001ce,0x0007000c,0x00000006,0x000001d0,0x00000001,
	0x00000028,0x000001cf,0x0000007f,0x0003003e,0x000001cc,0x000001d0,0x0004003d,0x00000007,
	0x000001d3,0x00000039,0x0003003e,0x000001d2,0x000001d3,0x0004003d,0x00000006,0x000001d5,
	0x000001cc,0x0003003e,0x000001d4,0x000001d5,0x00060039,0x00000007,0x000001d6,0x00000029,
	0x000001d2,0x000001d4,0x0003003e,0x000001d1,0x000001d6,0x0004003d,0x00000006,0x000001d9,
	0x000001c7,0x0003003e,0x000001d8,0x000001d9,0x0004003d,0x00000006,0x000001db,0x00000038,
	0x0003003e,0x000001da,0x000001db,0x00060039,0x00000006,0x000001dc,0x0000001e,0x000001d8,
	0x000001da,0x0004003d,0x00000006,0x000001dd,0x000001c2,0x0007000c,0x00000006,0x000001de,
	0x00000001,0x00000028,0x000001dd,0x00000188,0x0004003d,0x00000006,0x000001e0,0x00000035,
	0x0003003e,0x000001df,0x000001e0,0x0003003e,0x000001e1,0x000001de,0x0004003d,0x00000006,
	0x000001e3,0x00000038,0x0003003e,0x000001e2,0x000001e3,0x00070039,0x00000006,0x000001e4,
	0x00000024,0x000001df,0x000001e1,0x000001e2,0x00050085,0x00000006,0x000001e5,0x000001dc,
	0x000001e4,0x0004003d,0x00000007,0x000001e6,0x000001d1,0x0005008e,0x00000007,0x000001e7,
	0x000001e6,0x000001e5,0x0003003e,0x000001d7,0x000001e7,0x0004003d,0x00000007,0x000001e9,
	0x000001d1,0x00060050,0x00000007,0x000001ea,0x0000007e,0x0000007e,0x0000007e,0x00050083,
	0x00000007,0x000001eb,0x000001ea,0x000001e9,0x0004003d,0x00000006,0x000001ec,0x00000037,
	0x00050083,0x00000006,0x000001ed,0x0000007e,0x000001ec,0x0005008e,0x00000007,0x000001ee,
	0x000001eb,0x000001ed,0x0004003d,0x00000007,0x000001ef,0x00000036,0x00050085,0x00000007,
	0x000001f0,0x000001ee,0x000001ef,0x00060050,0x00000007,0x000001f1,0x0000015d,0x0000015d,
	0x0000015d,0x00050088,0x00000007,0x000001f2,0x000001f0,0x000001f1,0x0003003e,0x000001e8,
	0x000001f2,0x0004003d,0x00000007,0x000001f3,0x000001e8,0x0004003d,0x00000007,0x000001f4,
	0x000001d7,0x00050081,0x00000007,0x000001f5,0x000001f3,0x000001f4,0x0004003d,0x00000007,
	0x000001f6,0x00000032,0x00050085,0x00000007,0x000001f7,0x000001f5,0x000001f6,0x0004003d,
	0x00000006,0x000001f8,0x000001c2,0x0005008e,0x00000007,0x000001f9,0x000001f7,0x000001f8,
	0x0004003d,0x00000006,0x000001fa,0x000001b7,0x0005008e,0x00000007,0x000001fb,0x000001f9,
	0x000001fa,0x000200fe,0x000001fb,0x00010038,0x00050036,0x00000007,0x00000044,0x00000000,
	0x0000003f,0x00030037,0x00000008,0x00000040,0x00030037,0x00000008,0x00000041,0x00030037,
	0x0000003e,0x00000042,0x00030037,0x0000001a,0x00000043,0x000200f8,0x00000045,0x0004003b,
	0x00000008,0x000001fe,0x00000007,0x0004003b,0x00000008,0x0000020f,0x00000007,0x0004003b,
	0x00000008,0x00000212,0x00000007,0x0004003b,0x0000003e,0x00000215,0x00000007,0x0004003b,
	0x0000003e,0x00000218,0x00000007,0x0004003b,0x00000008,0x0000021b,0x00000007,0x0004003b,
	0x00000008,0x0000021f,0x00000007,0x0004003b,0x00000008,0x00000223,0x00000007,0x0004003b,
	0x00000008,0x0000022d,0x00000007,0x0004003b,0x0000001a,0x00000237,0x00000007,0x0004003b,
	0x00000241,0x00000242,0x00000007,0x0004003d,0x0000012c,0x00000200,0x000001ff,0x0004003d,
	0x0000003d,0x00000201,0x00000042,0x00050057,0x000000c1,0x00000202,0x00000200,0x00000201,
	0x0008004f,0x00000007,0x00000203,0x00000202,0x00000202,0x00000000,0x00000001,0x00000002,
	0x0005008e,0x00000007,0x00000204,0x00000203,0x00000074,0x00060050,0x00000007,0x00000205,
	0x0000007e,0x0000007e,0x0000007e,0x00050083,0x00000007,0x00000206,0x00000204,0x00000205,
	0x0003003e,0x000001fe,0x00000206,0x0004003d,0x00000006,0x00000207,0x00000043,0x0004003d,
	0x00000007,0x00000208,0x000001fe,0x0007004f,0x0000003d,0x00000209,0x00000208,0x00000208,
	0x00000000,0x00000001,0x0005008e,0x0000003d,0x0000020a,0x00000209,0x00000207,0x00050041,
	0x0000001a,0x0000020b,0x000001fe,0x00000053,0x00050051,0x00000006,0x0000020c,0x0000020a,
	0x00000000,0x0003003e,0x0000020b,0x0000020c,0x00050041,0x0000001a,0x0000020d,0x000001fe,
	0x00000056,0x00050051,0x00000006,0x0000020e,0x0000020a,0x00000001,0x0003003e,0x0000020d,
	0x0000020e,0x0004003d,0x00000007,0x00000210,0x00000041,0x000400cf,0x00000007,0x00000211,
	0x00000210,0x0003003e,0x0000020f,0x00000211,0x0004003d,0x00000007,0x00000213,0x00000041,
	0x000400d0,0x00000007,0x00000214,0x00000213,0x0003003e,0x00000212,0x00000214,0x0004003d,
	0x0000003d,0x00000216,0x00000042,0x000400cf,0x0000003d,0x00000217,0x00000216,0x0003003e,
	0x00000215,0x00000217,0x0004003d,0x0000003d,0x00000219,0x00000042,0x000400d0,0x0000003d,
	0x0000021a,0x00000219,0x0003003e,0x00000218,0x0000021a,0x0004003d,0x00000007,0x0000021c,
	0x00000212,0x0004003d,0x00000007,0x0000021d,0x00000040,0x0007000c,0x00000007,0x0000021e,
	0x00000001,0x00000044,0x0000021c,0x0000021d,0x0003003e,0x0000021b,0x0000021e,0x0004003d,
	0x00000007,0x00000220,0x00000040,0x0004003d,0x00000007,0x00000221,0x0000020f,0x0007000c,
	0x00000007,0x00000222,0x00000001,0x00000044,0x00000220,0x00000221,0x0003003e,0x0000021f,
	0x00000222,0x0004003d,0x00000007,0x00000224,0x0000021b,0x00050041,0x0000001a,0x00000225,
	0x00000215,0x00000053,0x0004003d,0x00000006,0x00000226,0x00000225,0x0005008e,0x00000007,
	0x00000227,0x00000224,0x00000226,0x0004003d,0x00000007,0x00000228,0x0000021f,0x00050041,
	0x0000001a,0x00000229,0x00000218,0x00000053,0x0004003d,0x00000006,0x0000022a,0x00000229,
	0x0005008e,0x00000007,0x0000022b,0x00000228,0x0000022a,0x00050081,0x00000007,0x0000022c,
	0x00000227,0x0000022b,0x0003003e,0x00000223,0x0000022c,0x0004003d,0x00000007,0x0000022e,
	0x0000021b,0x00050041,0x0000001a,0x0000022f,0x00000215,0x00000056,0x0004003d,0x00000006,
	0x00000230,0x0000022f,0x0005008e,0x00000007,0x00000231,0x0000022e,0x00000230,0x0004003d,
	0x00000007,0x00000232,0x0000021f,0x00050041,0x0000001a,0x00000233,0x00000218,0x00000056,
	0x0004003d,0x00000006,0x00000234,0x00000233,0x0005008e,0x00000007,0x00000235,0x00000232,
	0x00000234,0x00050081,0x00000007,0x00000236,0x00000231,0x00000235,0x0003003e,0x0000022d,
	0x00000236,0x0004003d,0x00000007,0x00000238,0x00000223,0x0004003d,0x00000007,0x00000239,
	0x00000223,0x00050094,0x00000006,0x0000023a,0x00000238,0x00000239,0x0004003d,0x00000007,
	0x0000023b,0x0000022d,0x0004003d,0x00000007,0x0000023c,0x0000022d,0x00050094,0x00000006,
	0x0000023d,0x0000023b,0x0000023c,0x0007000c,0x00000006,0x0000023e,0x00000001,0x00000028,
	0x0000023a,0x0000023d,0x0006000c,0x00000006,0x0000023f,0x00000001,0x00000020,0x0000023e,
	0x0003003e,0x00000237,0x0000023f,0x0004003d,0x00000007,0x00000243,0x00000223,0x0004003d,
	0x00000006,0x00000244,0x00000237,0x0005008e,0x00000007,0x00000245,0x00000243,0x00000244,
	0x0004003d,0x00000007,0x00000246,0x0000022d,0x0004003d,0x00000006,0x00000247,0x00000237,
	0x0005008e,0x00000007,0x00000248,0x00000246,0x00000247,0x0004003d,0x00000007,0x00000249,
	0x00000040,0x00050051,0x00000006,0x0000024a,0x00000245,0x00000000,0x00050051,0x00000006,
	0x0000024b,0x00000245,0x00000001,0x00050051,0x00000006,0x0000024c,0x00000245,0x00000002,
	0x00050051,0x00000006,0x0000024d,0x00000248,0x00000000,0x00050051,0x00000006,0x0000024e,
	0x00000248,0x00000001,0x00050051,0x00000006,0x0000024f,0x00000248,0x00000002,0x00050051,
	0x00000006,0x00000250,0x00000249,0x00000000,0x00050051,0x00000006,0x00000251,0x00000249,
	0x00000001,0x00050051,0x00000006,0x00000252,0x00000249,0x00000002,0x00060050,0x00000007,
	0x00000253,0x0000024a,0x0000024b,0x0000024c,0x00060050,0x00000007,0x00000254,0x0000024d,
	0x0000024e,0x0000024f,0x00060050,0x00000007,0x00000255,0x00000250,0x00000251,0x00000252,
	0x00060050,0x00000240,0x00000256,0x00000253,0x00000254,0x00000255,0x0003003e,0x00000242,
	0x00000256,0x0004003d,0x00000240,0x00000257,0x00000242,0x0004003d,0x00000007,0x00000258,
	0x000001fe,0x00050091,0x00000007,0x00000259,0x00000257,0x00000258,0x0006000c,0x00000007,
	0x0000025a,0x00000001,0x00000045,0x00000259,0x000200fe,0x0000025a,0x00010038
};
static const std::size_t kSceneModelFragSpvWordCount = sizeof(kSceneModelFragSpv) / sizeof(kSceneModelFragSpv[0]);

static const std::uint32_t kSceneOverlayVertSpv[] = {
	0x07230203,0x00010000,0x0008000b,0x00000037,0x00000000,0x00020011,0x00000001,0x0006000b,
	0x00000001,0x4c534c47,0x6474732e,0x3035342e,0x00000000,0x0003000e,0x00000000,0x00000001,
	0x0009000f,0x00000000,0x00000004,0x6e69616d,0x00000000,0x0000000b,0x0000002b,0x00000033,
	0x00000035,0x00030003,0x00000002,0x000001c2,0x00040005,0x00000004,0x6e69616d,0x00000000,
	0x00040005,0x00000009,0x70696c63,0x00000000,0x00050005,0x0000000b,0x6f506e69,0x69746973,
	0x00006e6f,0x00060005,0x00000011,0x75506955,0x6f436873,0x6174736e,0x0073746e,0x00060006,
	0x00000011,0x00000000,0x6f736572,0x6974756c,0x00006e6f,0x00070006,0x00000011,0x00000001,
	0x73756e75,0x78506465,0x676e6152,0x00000065,0x00070006,0x00000011,0x00000002,0x73756e75,
	0x61506465,0x6e696464,0x00000067,0x00030005,0x00000013,0x00006975,0x00060005,0x00000029,
	0x505f6c67,0x65567265,0x78657472,0x00000000,0x00060006,0x00000029,0x00000000,0x505f6c67,
	0x7469736f,0x006e6f69,0x00070006,0x00000029,0x00000001,0x505f6c67,0x746e696f,0x657a6953,
	0x00000000,0x00070006,0x00000029,0x00000002,0x435f6c67,0x4470696c,0x61747369,0x0065636e,
	0x00070006,0x00000029,0x00000003,0x435f6c67,0x446c6c75,0x61747369,0x0065636e,0x00030005,
	0x0000002b,0x00000000,0x00040005,0x00000033,0x6c6f4376,0x0000726f,0x00040005,0x00000035,
	0x6f436e69,0x00726f6c,0x00040047,0x0000000b,0x0000001e,0x00000000,0x00050048,0x00000011,
	0x00000000,0x00000023,0x00000000,0x00050048,0x00000011,0x00000001,0x00000023,0x00000008,
	0x00050048,0x00000011,0x00000002,0x00000023,0x0000000c,0x00030047,0x00000011,0x00000002,
	0x00050048,0x00000029,0x00000000,0x0000000b,0x00000000,0x00050048,0x00000029,0x00000001,
	0x0000000b,0x00000001,0x00050048,0x00000029,0x00000002,0x0000000b,0x00000003,0x00050048,
	0x00000029,0x00000003,0x0000000b,0x00000004,0x00030047,0x00000029,0x00000002,0x00040047,
	0x00000033,0x0000001e,0x00000000,0x00040047,0x00000035,0x0000001e,0x00000001,0x00020013,
	0x00000002,0x00030021,0x00000003,0x00000002,0x00030016,0x00000006,0x00000020,0x00040017,
	0x00000007,0x00000006,0x00000002,0x00040020,0x00000008,0x00000007,0x00000007,0x00040020,
	0x0000000a,0x00000001,0x00000007,0x0004003b,0x0000000a,0x0000000b,0x00000001,0x00040015,
	0x0000000c,0x00000020,0x00000000,0x0004002b,0x0000000c,0x0000000d,0x00000000,0x00040020,
	0x0000000e,0x00000001,0x00000006,0x0005001e,0x00000011,0x00000007,0x00000006,0x00000006,
	0x00040020,0x00000012,0x00000009,0x00000011,0x0004003b,0x00000012,0x00000013,0x00000009,
	0x00040015,0x00000014,0x00000020,0x00000001,0x0004002b,0x00000014,0x00000015,0x00000000,
	0x00040020,0x00000016,0x00000009,0x00000006,0x0004002b,0x00000006,0x0000001a,0x40000000,
	0x0004002b,0x00000006,0x0000001c,0x3f800000,0x0004002b,0x0000000c,0x0000001e,0x00000001,
	0x00040017,0x00000027,0x00000006,0x00000004,0x0004001c,0x00000028,0x00000006,0x0000001e,
	0x0006001e,0x00000029,0x00000027,0x00000006,0x00000028,0x00000028,0x00040020,0x0000002a,
	0x00000003,0x00000029,0x0004003b,0x0000002a,0x0000002b,0x00000003,0x0004002b,0x00000006,
	0x0000002d,0x00000000,0x00040020,0x00000031,0x00000003,0x00000027,0x0004003b,0x00000031,
	0x00000033,0x00000003,0x00040020,0x00000034,0x00000001,0x00000027,0x0004003b,0x00000034,
	0x00000035,0x00000001,0x00050036,0x00000002,0x00000004,0x00000000,0x00000003,0x000200f8,
	0x00000005,0x0004003b,0x00000008,0x00000009,0x00000007,0x00050041,0x0000000e,0x0000000f,
	0x0000000b,0x0000000d,0x0004003d,0x00000006,0x00000010,0x0000000f,0x00060041,0x00000016,
	0x00000017,0x00000013,0x00000015,0x0000000d,0x0004003d,0x00000006,0x00000018,0x00000017,
	0x00050088,0x00000006,0x00000019,0x00000010,0x00000018,0x00050085,0x00000006,0x0000001b,
	0x00000019,0x0000001a,0x00050083,0x00000006,0x0000001d,0x0000001b,0x0000001c,0x00050041,
	0x0000000e,0x0000001f,0x0000000b,0x0000001e,0x0004003d,0x00000006,0x00000020,0x0000001f,
	0x00060041,0x00000016,0x00000021,0x00000013,0x00000015,0x0000001e,0x0004003d,0x00000006,
	0x00000022,0x00000021,0x00050088,0x00000006,0x00000023,0x00000020,0x00000022,0x00050085,
	0x00000006,0x00000024,0x00000023,0x0000001a,0x00050083,0x00000006,0x00000025,0x00000024,
	0x0000001c,0x00050050,0x00000007,0x00000026,0x0000001d,0x00000025,0x0003003e,0x00000009,
	0x00000026,0x0004003d,0x00000007,0x0000002c,0x00000009,0x00050051,0x00000006,0x0000002e,
	0x0000002c,0x00000000,0x00050051,0x00000006,0x0000002f,0x0000002c,0x00000001,0x00070050,
	0x00000027,0x00000030,0x0000002e,0x0000002f,0x0000002d,0x0000001c,0x00050041,0x00000031,
	0x00000032,0x0000002b,0x00000015,0x0003003e,0x00000032,0x00000030,0x0004003d,0x00000027,
	0x00000036,0x00000035,0x0003003e,0x00000033,0x00000036,0x000100fd,0x00010038
};
static const std::size_t kSceneOverlayVertSpvWordCount = sizeof(kSceneOverlayVertSpv) / sizeof(kSceneOverlayVertSpv[0]);

static const std::uint32_t kSceneOverlayFragSpv[] = {
	0x07230203,0x00010000,0x0008000b,0x0000000d,0x00000000,0x00020011,0x00000001,0x0006000b,
	0x00000001,0x4c534c47,0x6474732e,0x3035342e,0x00000000,0x0003000e,0x00000000,0x00000001,
	0x0007000f,0x00000004,0x00000004,0x6e69616d,0x00000000,0x00000009,0x0000000b,0x00030010,
	0x00000004,0x00000007,0x00030003,0x00000002,0x000001c2,0x00040005,0x00000004,0x6e69616d,
	0x00000000,0x00050005,0x00000009,0x4374756f,0x726f6c6f,0x00000000,0x00040005,0x0000000b,
	0x6c6f4376,0x0000726f,0x00040047,0x00000009,0x0000001e,0x00000000,0x00040047,0x0000000b,
	0x0000001e,0x00000000,0x00020013,0x00000002,0x00030021,0x00000003,0x00000002,0x00030016,
	0x00000006,0x00000020,0x00040017,0x00000007,0x00000006,0x00000004,0x00040020,0x00000008,
	0x00000003,0x00000007,0x0004003b,0x00000008,0x00000009,0x00000003,0x00040020,0x0000000a,
	0x00000001,0x00000007,0x0004003b,0x0000000a,0x0000000b,0x00000001,0x00050036,0x00000002,
	0x00000004,0x00000000,0x00000003,0x000200f8,0x00000005,0x0004003d,0x00000007,0x0000000c,
	0x0000000b,0x0003003e,0x00000009,0x0000000c,0x000100fd,0x00010038
};
static const std::size_t kSceneOverlayFragSpvWordCount = sizeof(kSceneOverlayFragSpv) / sizeof(kSceneOverlayFragSpv[0]);

static const std::uint32_t kSceneIconVertSpv[] = {
	0x07230203,0x00010000,0x0008000b,0x0000003b,0x00000000,0x00020011,0x00000001,0x0006000b,
	0x00000001,0x4c534c47,0x6474732e,0x3035342e,0x00000000,0x0003000e,0x00000000,0x00000001,
	0x000b000f,0x00000000,0x00000004,0x6e69616d,0x00000000,0x0000000b,0x0000002b,0x00000034,
	0x00000035,0x00000037,0x00000039,0x00030003,0x00000002,0x000001c2,0x00040005,0x00000004,
	0x6e69616d,0x00000000,0x00040005,0x00000009,0x70696c63,0x00000000,0x00050005,0x0000000b,
	0x6f506e69,0x69746973,0x00006e6f,0x00060005,0x00000011,0x75506955,0x6f436873,0x6174736e,
	0x0073746e,0x00060006,0x00000011,0x00000000,0x6f736572,0x6974756c,0x00006e6f,0x00070006,
	0x00000011,0x00000001,0x73756e75,0x78506465,0x676e6152,0x00000065,0x00070006,0x00000011,
	0x00000002,0x73756e75,0x61506465,0x6e696464,0x00000067,0x00030005,0x00000013,0x00006975,
	0x00060005,0x00000029,0x505f6c67,0x65567265,0x78657472,0x00000000,0x00060006,0x00000029,
	0x00000000,0x505f6c67,0x7469736f,0x006e6f69,0x00070006,0x00000029,0x00000001,0x505f6c67,
	0x746e696f,0x657a6953,0x00000000,0x00070006,0x00000029,0x00000002,0x435f6c67,0x4470696c,
	0x61747369,0x0065636e,0x00070006,0x00000029,0x00000003,0x435f6c67,0x446c6c75,0x61747369,
	0x0065636e,0x00030005,0x0000002b,0x00000000,0x00030005,0x00000034,0x00765576,0x00040005,
	0x00000035,0x76556e69,0x00000000,0x00040005,0x00000037,0x6c6f4376,0x0000726f,0x00040005,
	0x00000039,0x6f436e69,0x00726f6c,0x00040047,0x0000000b,0x0000001e,0x00000000,0x00050048,
	0x00000011,0x00000000,0x00000023,0x00000000,0x00050048,0x00000011,0x00000001,0x00000023,
	0x00000008,0x00050048,0x00000011,0x00000002,0x00000023,0x0000000c,0x00030047,0x00000011,
	0x00000002,0x00050048,0x00000029,0x00000000,0x0000000b,0x00000000,0x00050048,0x00000029,
	0x00000001,0x0000000b,0x00000001,0x00050048,0x00000029,0x00000002,0x0000000b,0x00000003,
	0x00050048,0x00000029,0x00000003,0x0000000b,0x00000004,0x00030047,0x00000029,0x00000002,
	0x00040047,0x00000034,0x0000001e,0x00000000,0x00040047,0x00000035,0x0000001e,0x00000001,
	0x00040047,0x00000037,0x0000001e,0x00000001,0x00040047,0x00000039,0x0000001e,0x00000002,
	0x00020013,0x00000002,0x00030021,0x00000003,0x00000002,0x00030016,0x00000006,0x00000020,
	0x00040017,0x00000007,0x00000006,0x00000002,0x00040020,0x00000008,0x00000007,0x00000007,
	0x00040020,0x0000000a,0x00000001,0x00000007,0x0004003b,0x0000000a,0x0000000b,0x00000001,
	0x00040015,0x0000000c,0x00000020,0x00000000,0x0004002b,0x0000000c,0x0000000d,0x00000000,
	0x00040020,0x0000000e,0x00000001,0x00000006,0x0005001e,0x00000011,0x00000007,0x00000006,
	0x00000006,0x00040020,0x00000012,0x00000009,0x00000011,0x0004003b,0x00000012,0x00000013,
	0x00000009,0x00040015,0x00000014,0x00000020,0x00000001,0x0004002b,0x00000014,0x00000015,
	0x00000000,0x00040020,0x00000016,0x00000009,0x00000006,0x0004002b,0x00000006,0x0000001a,
	0x40000000,0x0004002b,0x00000006,0x0000001c,0x3f800000,0x0004002b,0x0000000c,0x0000001e,
	0x00000001,0x00040017,0x00000027,0x00000006,0x00000004,0x0004001c,0x00000028,0x00000006,
	0x0000001e,0x0006001e,0x00000029,0x00000027,0x00000006,0x00000028,0x00000028,0x00040020,
	0x0000002a,0x00000003,0x00000029,0x0004003b,0x0000002a,0x0000002b,0x00000003,0x0004002b,
	0x00000006,0x0000002d,0x00000000,0x00040020,0x00000031,0x00000003,0x00000027,0x00040020,
	0x00000033,0x00000003,0x00000007,0x0004003b,0x00000033,0x00000034,0x00000003,0x0004003b,
	0x0000000a,0x00000035,0x00000001,0x0004003b,0x00000031,0x00000037,0x00000003,0x00040020,
	0x00000038,0x00000001,0x00000027,0x0004003b,0x00000038,0x00000039,0x00000001,0x00050036,
	0x00000002,0x00000004,0x00000000,0x00000003,0x000200f8,0x00000005,0x0004003b,0x00000008,
	0x00000009,0x00000007,0x00050041,0x0000000e,0x0000000f,0x0000000b,0x0000000d,0x0004003d,
	0x00000006,0x00000010,0x0000000f,0x00060041,0x00000016,0x00000017,0x00000013,0x00000015,
	0x0000000d,0x0004003d,0x00000006,0x00000018,0x00000017,0x00050088,0x00000006,0x00000019,
	0x00000010,0x00000018,0x00050085,0x00000006,0x0000001b,0x00000019,0x0000001a,0x00050083,
	0x00000006,0x0000001d,0x0000001b,0x0000001c,0x00050041,0x0000000e,0x0000001f,0x0000000b,
	0x0000001e,0x0004003d,0x00000006,0x00000020,0x0000001f,0x00060041,0x00000016,0x00000021,
	0x00000013,0x00000015,0x0000001e,0x0004003d,0x00000006,0x00000022,0x00000021,0x00050088,
	0x00000006,0x00000023,0x00000020,0x00000022,0x00050085,0x00000006,0x00000024,0x00000023,
	0x0000001a,0x00050083,0x00000006,0x00000025,0x00000024,0x0000001c,0x00050050,0x00000007,
	0x00000026,0x0000001d,0x00000025,0x0003003e,0x00000009,0x00000026,0x0004003d,0x00000007,
	0x0000002c,0x00000009,0x00050051,0x00000006,0x0000002e,0x0000002c,0x00000000,0x00050051,
	0x00000006,0x0000002f,0x0000002c,0x00000001,0x00070050,0x00000027,0x00000030,0x0000002e,
	0x0000002f,0x0000002d,0x0000001c,0x00050041,0x00000031,0x00000032,0x0000002b,0x00000015,
	0x0003003e,0x00000032,0x00000030,0x0004003d,0x00000007,0x00000036,0x00000035,0x0003003e,
	0x00000034,0x00000036,0x0004003d,0x00000027,0x0000003a,0x00000039,0x0003003e,0x00000037,
	0x0000003a,0x000100fd,0x00010038
};
static const std::size_t kSceneIconVertSpvWordCount = sizeof(kSceneIconVertSpv) / sizeof(kSceneIconVertSpv[0]);

static const std::uint32_t kSceneIconFragSpv[] = {
	0x07230203,0x00010000,0x0008000b,0x00000027,0x00000000,0x00020011,0x00000001,0x0006000b,
	0x00000001,0x4c534c47,0x6474732e,0x3035342e,0x00000000,0x0003000e,0x00000000,0x00000001,
	0x0008000f,0x00000004,0x00000004,0x6e69616d,0x00000000,0x00000010,0x00000018,0x0000001a,
	0x00030010,0x00000004,0x00000007,0x00030003,0x00000002,0x000001c2,0x00040005,0x00000004,
	0x6e69616d,0x00000000,0x00040005,0x00000008,0x68706c61,0x00000061,0x00050005,0x0000000c,
	0x6e6f6369,0x74786554,0x00657275,0x00030005,0x00000010,0x00765576,0x00050005,0x00000018,
	0x4374756f,0x726f6c6f,0x00000000,0x00040005,0x0000001a,0x6c6f4376,0x0000726f,0x00040047,
	0x0000000c,0x00000022,0x00000001,0x00040047,0x0000000c,0x00000021,0x00000001,0x00040047,
	0x00000010,0x0000001e,0x00000000,0x00040047,0x00000018,0x0000001e,0x00000000,0x00040047,
	0x0000001a,0x0000001e,0x00000001,0x00020013,0x00000002,0x00030021,0x00000003,0x00000002,
	0x00030016,0x00000006,0x00000020,0x00040020,0x00000007,0x00000007,0x00000006,0x00090019,
	0x00000009,0x00000006,0x00000001,0x00000000,0x00000000,0x00000000,0x00000001,0x00000000,
	0x0003001b,0x0000000a,0x00000009,0x00040020,0x0000000b,0x00000000,0x0000000a,0x0004003b,
	0x0000000b,0x0000000c,0x00000000,0x00040017,0x0000000e,0x00000006,0x00000002,0x00040020,
	0x0000000f,0x00000001,0x0000000e,0x0004003b,0x0000000f,0x00000010,0x00000001,0x00040017,
	0x00000012,0x00000006,0x00000004,0x00040015,0x00000014,0x00000020,0x00000000,0x0004002b,
	0x00000014,0x00000015,0x00000003,0x00040020,0x00000017,0x00000003,0x00000012,0x0004003b,
	0x00000017,0x00000018,0x00000003,0x00040020,0x00000019,0x00000001,0x00000012,0x0004003b,
	0x00000019,0x0000001a,0x00000001,0x00040017,0x0000001b,0x00000006,0x00000003,0x00040020,
	0x0000001e,0x00000001,0x00000006,0x00050036,0x00000002,0x00000004,0x00000000,0x00000003,
	0x000200f8,0x00000005,0x0004003b,0x00000007,0x00000008,0x00000007,0x0004003d,0x0000000a,
	0x0000000d,0x0000000c,0x0004003d,0x0000000e,0x00000011,0x00000010,0x00050057,0x00000012,
	0x00000013,0x0000000d,0x00000011,0x00050051,0x00000006,0x00000016,0x00000013,0x00000003,
	0x0003003e,0x00000008,0x00000016,0x0004003d,0x00000012,0x0000001c,0x0000001a,0x0008004f,
	0x0000001b,0x0000001d,0x0000001c,0x0000001c,0x00000000,0x00000001,0x00000002,0x00050041,
	0x0000001e,0x0000001f,0x0000001a,0x00000015,0x0004003d,0x00000006,0x00000020,0x0000001f,
	0x0004003d,0x00000006,0x00000021,0x00000008,0x00050085,0x00000006,0x00000022,0x00000020,
	0x00000021,0x00050051,0x00000006,0x00000023,0x0000001d,0x00000000,0x00050051,0x00000006,
	0x00000024,0x0000001d,0x00000001,0x00050051,0x00000006,0x00000025,0x0000001d,0x00000002,
	0x00070050,0x00000012,0x00000026,0x00000023,0x00000024,0x00000025,0x00000022,0x0003003e,
	0x00000018,0x00000026,0x000100fd,0x00010038
};
static const std::size_t kSceneIconFragSpvWordCount = sizeof(kSceneIconFragSpv) / sizeof(kSceneIconFragSpv[0]);

static const std::uint32_t kSceneTextVertSpv[] = {
	0x07230203,0x00010000,0x0008000b,0x0000003f,0x00000000,0x00020011,0x00000001,0x0006000b,
	0x00000001,0x4c534c47,0x6474732e,0x3035342e,0x00000000,0x0003000e,0x00000000,0x00000001,
	0x000d000f,0x00000000,0x00000004,0x6e69616d,0x00000000,0x0000000b,0x0000002b,0x00000034,
	0x00000035,0x00000037,0x00000039,0x0000003c,0x0000003d,0x00030003,0x00000002,0x000001c2,
	0x00040005,0x00000004,0x6e69616d,0x00000000,0x00040005,0x00000009,0x70696c63,0x00000000,
	0x00050005,0x0000000b,0x6f506e69,0x69746973,0x00006e6f,0x00060005,0x00000011,0x75506955,
	0x6f436873,0x6174736e,0x0073746e,0x00060006,0x00000011,0x00000000,0x6f736572,0x6974756c,
	0x00006e6f,0x00070006,0x00000011,0x00000001,0x73756e75,0x78506465,0x676e6152,0x00000065,
	0x00070006,0x00000011,0x00000002,0x73756e75,0x61506465,0x6e696464,0x00000067,0x00030005,
	0x00000013,0x00006975,0x00060005,0x00000029,0x505f6c67,0x65567265,0x78657472,0x00000000,
	0x00060006,0x00000029,0x00000000,0x505f6c67,0x7469736f,0x006e6f69,0x00070006,0x00000029,
	0x00000001,0x505f6c67,0x746e696f,0x657a6953,0x00000000,0x00070006,0x00000029,0x00000002,
	0x435f6c67,0x4470696c,0x61747369,0x0065636e,0x00070006,0x00000029,0x00000003,0x435f6c67,
	0x446c6c75,0x61747369,0x0065636e,0x00030005,0x0000002b,0x00000000,0x00050005,0x00000034,
	0x78655476,0x726f6f43,0x00000064,0x00050005,0x00000035,0x65546e69,0x6f6f4378,0x00006472,
	0x00040005,0x00000037,0x6c6f4376,0x0000726f,0x00040005,0x00000039,0x6f436e69,0x00726f6c,
	0x00060005,0x0000003c,0x72635376,0x506e6565,0x6e615278,0x00006567,0x00060005,0x0000003d,
	0x63536e69,0x6e656572,0x61527850,0x0065676e,0x00040047,0x0000000b,0x0000001e,0x00000000,
	0x00050048,0x00000011,0x00000000,0x00000023,0x00000000,0x00050048,0x00000011,0x00000001,
	0x00000023,0x00000008,0x00050048,0x00000011,0x00000002,0x00000023,0x0000000c,0x00030047,
	0x00000011,0x00000002,0x00050048,0x00000029,0x00000000,0x0000000b,0x00000000,0x00050048,
	0x00000029,0x00000001,0x0000000b,0x00000001,0x00050048,0x00000029,0x00000002,0x0000000b,
	0x00000003,0x00050048,0x00000029,0x00000003,0x0000000b,0x00000004,0x00030047,0x00000029,
	0x00000002,0x00040047,0x00000034,0x0000001e,0x00000000,0x00040047,0x00000035,0x0000001e,
	0x00000001,0x00040047,0x00000037,0x0000001e,0x00000001,0x00040047,0x00000039,0x0000001e,
	0x00000002,0x00040047,0x0000003c,0x0000001e,0x00000002,0x00040047,0x0000003d,0x0000001e,
	0x00000003,0x00020013,0x00000002,0x00030021,0x00000003,0x00000002,0x00030016,0x00000006,
	0x00000020,0x00040017,0x00000007,0x00000006,0x00000002,0x00040020,0x00000008,0x00000007,
	0x00000007,0x00040020,0x0000000a,0x00000001,0x00000007,0x0004003b,0x0000000a,0x0000000b,
	0x00000001,0x00040015,0x0000000c,0x00000020,0x00000000,0x0004002b,0x0000000c,0x0000000d,
	0x00000000,0x00040020,0x0000000e,0x00000001,0x00000006,0x0005001e,0x00000011,0x00000007,
	0x00000006,0x00000006,0x00040020,0x00000012,0x00000009,0x00000011,0x0004003b,0x00000012,
	0x00000013,0x00000009,0x00040015,0x00000014,0x00000020,0x00000001,0x0004002b,0x00000014,
	0x00000015,0x00000000,0x00040020,0x00000016,0x00000009,0x00000006,0x0004002b,0x00000006,
	0x0000001a,0x40000000,0x0004002b,0x00000006,0x0000001c,0x3f800000,0x0004002b,0x0000000c,
	0x0000001e,0x00000001,0x00040017,0x00000027,0x00000006,0x00000004,0x0004001c,0x00000028,
	0x00000006,0x0000001e,0x0006001e,0x00000029,0x00000027,0x00000006,0x00000028,0x00000028,
	0x00040020,0x0000002a,0x00000003,0x00000029,0x0004003b,0x0000002a,0x0000002b,0x00000003,
	0x0004002b,0x00000006,0x0000002d,0x00000000,0x00040020,0x00000031,0x00000003,0x00000027,
	0x00040020,0x00000033,0x00000003,0x00000007,0x0004003b,0x00000033,0x00000034,0x00000003,
	0x0004003b,0x0000000a,0x00000035,0x00000001,0x0004003b,0x00000031,0x00000037,0x00000003,
	0x00040020,0x00000038,0x00000001,0x00000027,0x0004003b,0x00000038,0x00000039,0x00000001,
	0x00040020,0x0000003b,0x00000003,0x00000006,0x0004003b,0x0000003b,0x0000003c,0x00000003,
	0x0004003b,0x0000000e,0x0000003d,0x00000001,0x00050036,0x00000002,0x00000004,0x00000000,
	0x00000003,0x000200f8,0x00000005,0x0004003b,0x00000008,0x00000009,0x00000007,0x00050041,
	0x0000000e,0x0000000f,0x0000000b,0x0000000d,0x0004003d,0x00000006,0x00000010,0x0000000f,
	0x00060041,0x00000016,0x00000017,0x00000013,0x00000015,0x0000000d,0x0004003d,0x00000006,
	0x00000018,0x00000017,0x00050088,0x00000006,0x00000019,0x00000010,0x00000018,0x00050085,
	0x00000006,0x0000001b,0x00000019,0x0000001a,0x00050083,0x00000006,0x0000001d,0x0000001b,
	0x0000001c,0x00050041,0x0000000e,0x0000001f,0x0000000b,0x0000001e,0x0004003d,0x00000006,
	0x00000020,0x0000001f,0x00060041,0x00000016,0x00000021,0x00000013,0x00000015,0x0000001e,
	0x0004003d,0x00000006,0x00000022,0x00000021,0x00050088,0x00000006,0x00000023,0x00000020,
	0x00000022,0x00050085,0x00000006,0x00000024,0x00000023,0x0000001a,0x00050083,0x00000006,
	0x00000025,0x00000024,0x0000001c,0x00050050,0x00000007,0x00000026,0x0000001d,0x00000025,
	0x0003003e,0x00000009,0x00000026,0x0004003d,0x00000007,0x0000002c,0x00000009,0x00050051,
	0x00000006,0x0000002e,0x0000002c,0x00000000,0x00050051,0x00000006,0x0000002f,0x0000002c,
	0x00000001,0x00070050,0x00000027,0x00000030,0x0000002e,0x0000002f,0x0000002d,0x0000001c,
	0x00050041,0x00000031,0x00000032,0x0000002b,0x00000015,0x0003003e,0x00000032,0x00000030,
	0x0004003d,0x00000007,0x00000036,0x00000035,0x0003003e,0x00000034,0x00000036,0x0004003d,
	0x00000027,0x0000003a,0x00000039,0x0003003e,0x00000037,0x0000003a,0x0004003d,0x00000006,
	0x0000003e,0x0000003d,0x0003003e,0x0000003c,0x0000003e,0x000100fd,0x00010038
};
static const std::size_t kSceneTextVertSpvWordCount = sizeof(kSceneTextVertSpv) / sizeof(kSceneTextVertSpv[0]);

static const std::uint32_t kSceneTextFragSpv[] = {
	0x07230203,0x00010000,0x0008000b,0x00000067,0x00000000,0x00020011,0x00000001,0x0006000b,
	0x00000001,0x4c534c47,0x6474732e,0x3035342e,0x00000000,0x0003000e,0x00000000,0x00000001,
	0x0009000f,0x00000004,0x00000004,0x6e69616d,0x00000000,0x00000023,0x00000037,0x00000058,
	0x0000005a,0x00030010,0x00000004,0x00000007,0x00030003,0x00000002,0x000001c2,0x00040005,
	0x00000004,0x6e69616d,0x00000000,0x00070005,0x0000000c,0x6964656d,0x66286e61,0x31663b31,
	0x3b31663b,0x00000000,0x00030005,0x00000009,0x00000072,0x00030005,0x0000000a,0x00000067,
	0x00030005,0x0000000b,0x00000062,0x00040005,0x0000001b,0x706d6173,0x0034656c,0x00050005,
	0x0000001f,0x74786574,0x616c7441,0x00000073,0x00050005,0x00000023,0x78655476,0x726f6f43,
	0x00000064,0x00030005,0x00000026,0x00006473,0x00040005,0x00000027,0x61726170,0x0000006d,
	0x00040005,0x0000002c,0x61726170,0x0000006d,0x00040005,0x00000030,0x61726170,0x0000006d,
	0x00060005,0x00000035,0x65666665,0x76697463,0x6e615265,0x00006567,0x00060005,0x00000037,
	0x72635376,0x506e6565,0x6e615278,0x00006567,0x00060005,0x0000003b,0x63657270,0x41657369,
	0x6168706c,0x00000000,0x00040005,0x00000044,0x74646977,0x00000068,0x00050005,0x00000047,
	0x6c6c6166,0x6b636162,0x00000000,0x00040005,0x0000004e,0x6e656c62,0x00000064,0x00040005,
	0x00000052,0x68706c61,0x00000061,0x00050005,0x00000058,0x4374756f,0x726f6c6f,0x00000000,
	0x00040005,0x0000005a,0x6c6f4376,0x0000726f,0x00040047,0x0000001f,0x00000022,0x00000001,
	0x00040047,0x0000001f,0x00000021,0x00000000,0x00040047,0x00000023,0x0000001e,0x00000000,
	0x00040047,0x00000037,0x0000001e,0x00000002,0x00040047,0x00000058,0x0000001e,0x00000000,
	0x00040047,0x0000005a,0x0000001e,0x00000001,0x00020013,0x00000002,0x00030021,0x00000003,
	0x00000002,0x00030016,0x00000006,0x00000020,0x00040020,0x00000007,0x00000007,0x00000006,
	0x00060021,0x00000008,0x00000006,0x00000007,0x00000007,0x00000007,0x00040017,0x00000019,
	0x00000006,0x00000004,0x00040020,0x0000001a,0x00000007,0x00000019,0x00090019,0x0000001c,
	0x00000006,0x00000001,0x00000000,0x00000000,0x00000000,0x00000001,0x00000000,0x0003001b,
	0x0000001d,0x0000001c,0x00040020,0x0000001e,0x00000000,0x0000001d,0x0004003b,0x0000001e,
	0x0000001f,0x00000000,0x00040017,0x00000021,0x00000006,0x00000002,0x00040020,0x00000022,
	0x00000001,0x00000021,0x0004003b,0x00000022,0x00000023,0x00000001,0x00040015,0x00000028,
	0x00000020,0x00000000,0x0004002b,0x00000028,0x00000029,0x00000000,0x0004002b,0x00000028,
	0x0000002d,0x00000001,0x0004002b,0x00000028,0x00000031,0x00000002,0x00040020,0x00000036,
	0x00000001,0x00000006,0x0004003b,0x00000036,0x00000037,0x00000001,0x0004002b,0x00000006,
	0x00000039,0x3f800000,0x0004002b,0x00000006,0x0000003e,0x3f000000,0x0004002b,0x00000006,
	0x00000042,0x00000000,0x0004002b,0x00000006,0x0000004f,0x3fc00000,0x00040020,0x00000057,
	0x00000003,0x00000019,0x0004003b,0x00000057,0x00000058,0x00000003,0x00040020,0x00000059,
	0x00000001,0x00000019,0x0004003b,0x00000059,0x0000005a,0x00000001,0x00040017,0x0000005b,
	0x00000006,0x00000003,0x0004002b,0x00000028,0x0000005e,0x00000003,0x00050036,0x00000002,
	0x00000004,0x00000000,0x00000003,0x000200f8,0x00000005,0x0004003b,0x0000001a,0x0000001b,
	0x00000007,0x0004003b,0x00000007,0x00000026,0x00000007,0x0004003b,0x00000007,0x00000027,
	0x00000007,0x0004003b,0x00000007,0x0000002c,0x00000007,0x0004003b,0x00000007,0x00000030,
	0x00000007,0x0004003b,0x00000007,0x00000035,0x00000007,0x0004003b,0x00000007,0x0000003b,
	0x00000007,0x0004003b,0x00000007,0x00000044,0x00000007,0x0004003b,0x00000007,0x00000047,
	0x00000007,0x0004003b,0x00000007,0x0000004e,0x00000007,0x0004003b,0x00000007,0x00000052,
	0x00000007,0x0004003d,0x0000001d,0x00000020,0x0000001f,0x0004003d,0x00000021,0x00000024,
	0x00000023,0x00050057,0x00000019,0x00000025,0x00000020,0x00000024,0x0003003e,0x0000001b,
	0x00000025,0x00050041,0x00000007,0x0000002a,0x0000001b,0x00000029,0x0004003d,0x00000006,
	0x0000002b,0x0000002a,0x0003003e,0x00000027,0x0000002b,0x00050041,0x00000007,0x0000002e,
	0x0000001b,0x0000002d,0x0004003d,0x00000006,0x0000002f,0x0000002e,0x0003003e,0x0000002c,
	0x0000002f,0x00050041,0x00000007,0x00000032,0x0000001b,0x00000031,0x0004003d,0x00000006,
	0x00000033,0x00000032,0x0003003e,0x00000030,0x00000033,0x00070039,0x00000006,0x00000034,
	0x0000000c,0x00000027,0x0000002c,0x00000030,0x0003003e,0x00000026,0x00000034,0x0004003d,
	0x00000006,0x00000038,0x00000037,0x0007000c,0x00000006,0x0000003a,0x00000001,0x00000028,
	0x00000038,0x00000039,0x0003003e,0x00000035,0x0000003a,0x0004003d,0x00000006,0x0000003c,
	0x00000035,0x0004003d,0x00000006,0x0000003d,0x00000026,0x00050083,0x00000006,0x0000003f,
	0x0000003d,0x0000003e,0x00050085,0x00000006,0x00000040,0x0000003c,0x0000003f,0x00050081,
	0x00000006,0x00000041,0x00000040,0x0000003e,0x0008000c,0x00000006,0x00000043,0x00000001,
	0x0000002b,0x00000041,0x00000042,0x00000039,0x0003003e,0x0000003b,0x00000043,0x0004003d,
	0x00000006,0x00000045,0x00000026,0x000400d1,0x00000006,0x00000046,0x00000045,0x0003003e,
	0x00000044,0x00000046,0x0004003d,0x00000006,0x00000048,0x00000044,0x00050083,0x00000006,
	0x00000049,0x0000003e,0x00000048,0x0004003d,0x00000006,0x0000004a,0x00000044,0x00050081,
	0x00000006,0x0000004b,0x0000003e,0x0000004a,0x0004003d,0x00000006,0x0000004c,0x00000026,
	0x0008000c,0x00000006,0x0000004d,0x00000001,0x00000031,0x00000049,0x0000004b,0x0000004c,
	0x0003003e,0x00000047,0x0000004d,0x0004003d,0x00000006,0x00000050,0x00000037,0x0008000c,
	0x00000006,0x00000051,0x00000001,0x00000031,0x0000003e,0x0000004f,0x00000050,0x0003003e,
	0x0000004e,0x00000051,0x0004003d,0x00000006,0x00000053,0x00000047,0x0004003d,0x00000006,
	0x00000054,0x0000003b,0x0004003d,0x00000006,0x00000055,0x0000004e,0x0008000c,0x00000006,
	0x00000056,0x00000001,0x0000002e,0x00000053,0x00000054,0x00000055,0x0003003e,0x00000052,
	0x00000056,0x0004003d,0x00000019,0x0000005c,0x0000005a,0x0008004f,0x0000005b,0x0000005d,
	0x0000005c,0x0000005c,0x00000000,0x00000001,0x00000002,0x00050041,0x00000036,0x0000005f,
	0x0000005a,0x0000005e,0x0004003d,0x00000006,0x00000060,0x0000005f,0x0004003d,0x00000006,
	0x00000061,0x00000052,0x00050085,0x00000006,0x00000062,0x00000060,0x00000061,0x00050051,
	0x00000006,0x00000063,0x0000005d,0x00000000,0x00050051,0x00000006,0x00000064,0x0000005d,
	0x00000001,0x00050051,0x00000006,0x00000065,0x0000005d,0x00000002,0x00070050,0x00000019,
	0x00000066,0x00000063,0x00000064,0x00000065,0x00000062,0x0003003e,0x00000058,0x00000066,
	0x000100fd,0x00010038,0x00050036,0x00000006,0x0000000c,0x00000000,0x00000008,0x00030037,
	0x00000007,0x00000009,0x00030037,0x00000007,0x0000000a,0x00030037,0x00000007,0x0000000b,
	0x000200f8,0x0000000d,0x0004003d,0x00000006,0x0000000e,0x00000009,0x0004003d,0x00000006,
	0x0000000f,0x0000000a,0x0007000c,0x00000006,0x00000010,0x00000001,0x00000025,0x0000000e,
	0x0000000f,0x0004003d,0x00000006,0x00000011,0x00000009,0x0004003d,0x00000006,0x00000012,
	0x0000000a,0x0007000c,0x00000006,0x00000013,0x00000001,0x00000028,0x00000011,0x00000012,
	0x0004003d,0x00000006,0x00000014,0x0000000b,0x0007000c,0x00000006,0x00000015,0x00000001,
	0x00000025,0x00000013,0x00000014,0x0007000c,0x00000006,0x00000016,0x00000001,0x00000028,
	0x00000010,0x00000015,0x000200fe,0x00000016,0x00010038
};
static const std::size_t kSceneTextFragSpvWordCount = sizeof(kSceneTextFragSpv) / sizeof(kSceneTextFragSpv[0]);

static const std::uint32_t kScenePostVertSpv[] = {
	0x07230203,0x00010000,0x0008000b,0x00000035,0x00000000,0x00020011,0x00000001,0x0006000b,
	0x00000001,0x4c534c47,0x6474732e,0x3035342e,0x00000000,0x0003000e,0x00000000,0x00000001,
	0x0008000f,0x00000000,0x00000004,0x6e69616d,0x00000000,0x00000008,0x00000025,0x0000002f,
	0x00030003,0x00000002,0x000001c2,0x00040005,0x00000004,0x6e69616d,0x00000000,0x00060005,
	0x00000008,0x565f6c67,0x65747265,0x646e4978,0x00007865,0x00050005,0x00000012,0x69736f70,
	0x6e6f6974,0x00000000,0x00060005,0x00000023,0x505f6c67,0x65567265,0x78657472,0x00000000,
	0x00060006,0x00000023,0x00000000,0x505f6c67,0x7469736f,0x006e6f69,0x00070006,0x00000023,
	0x00000001,0x505f6c67,0x746e696f,0x657a6953,0x00000000,0x00070006,0x00000023,0x00000002,
	0x435f6c67,0x4470696c,0x61747369,0x0065636e,0x00070006,0x00000023,0x00000003,0x435f6c67,
	0x446c6c75,0x61747369,0x0065636e,0x00030005,0x00000025,0x00000000,0x00050005,0x0000002f,
	0x78655476,0x726f6f43,0x00000064,0x00040047,0x00000008,0x0000000b,0x0000002a,0x00050048,
	0x00000023,0x00000000,0x0000000b,0x00000000,0x00050048,0x00000023,0x00000001,0x0000000b,
	0x00000001,0x00050048,0x00000023,0x00000002,0x0000000b,0x00000003,0x00050048,0x00000023,
	0x00000003,0x0000000b,0x00000004,0x00030047,0x00000023,0x00000002,0x00040047,0x0000002f,
	0x0000001e,0x00000000,0x00020013,0x00000002,0x00030021,0x00000003,0x00000002,0x00040015,
	0x00000006,0x00000020,0x00000001,0x00040020,0x00000007,0x00000001,0x00000006,0x0004003b,
	0x00000007,0x00000008,0x00000001,0x0004002b,0x00000006,0x0000000a,0x00000000,0x00020014,
	0x0000000b,0x00030016,0x0000000f,0x00000020,0x00040017,0x00000010,0x0000000f,0x00000002,
	0x00040020,0x00000011,0x00000007,0x00000010,0x0004002b,0x0000000f,0x00000013,0xbf800000,
	0x0005002c,0x00000010,0x00000014,0x00000013,0x00000013,0x0004002b,0x00000006,0x00000017,
	0x00000001,0x0004002b,0x0000000f,0x0000001b,0x40400000,0x0005002c,0x00000010,0x0000001c,
	0x0000001b,0x00000013,0x0005002c,0x00000010,0x0000001e,0x00000013,0x0000001b,0x00040017,
	0x0000001f,0x0000000f,0x00000004,0x00040015,0x00000020,0x00000020,0x00000000,0x0004002b,
	0x00000020,0x00000021,0x00000001,0x0004001c,0x00000022,0x0000000f,0x00000021,0x0006001e,
	0x00000023,0x0000001f,0x0000000f,0x00000022,0x00000022,0x00040020,0x00000024,0x00000003,
	0x00000023,0x0004003b,0x00000024,0x00000025,0x00000003,0x0004002b,0x0000000f,0x00000027,
	0x00000000,0x0004002b,0x0000000f,0x00000028,0x3f800000,0x00040020,0x0000002c,0x00000003,
	0x0000001f,0x00040020,0x0000002e,0x00000003,0x00000010,0x0004003b,0x0000002e,0x0000002f,
	0x00000003,0x0004002b,0x0000000f,0x00000031,0x3f000000,0x00050036,0x00000002,0x00000004,
	0x00000000,0x00000003,0x000200f8,0x00000005,0x0004003b,0x00000011,0x00000012,0x00000007,
	0x0004003d,0x00000006,0x00000009,0x00000008,0x000500aa,0x0000000b,0x0000000c,0x00000009,
	0x0000000a,0x000300f7,0x0000000e,0x00000000,0x000400fa,0x0000000c,0x0000000d,0x00000015,
	0x000200f8,0x0000000d,0x0003003e,0x00000012,0x00000014,0x000200f9,0x0000000e,0x000200f8,
	0x00000015,0x0004003d,0x00000006,0x00000016,0x00000008,0x000500aa,0x0000000b,0x00000018,
	0x00000016,0x00000017,0x000300f7,0x0000001a,0x00000000,0x000400fa,0x00000018,0x00000019,
	0x0000001d,0x000200f8,0x00000019,0x0003003e,0x00000012,0x0000001c,0x000200f9,0x0000001a,
	0x000200f8,0x0000001d,0x0003003e,0x00000012,0x0000001e,0x000200f9,0x0000001a,0x000200f8,
	0x0000001a,0x000200f9,0x0000000e,0x000200f8,0x0000000e,0x0004003d,0x00000010,0x00000026,
	0x00000012,0x00050051,0x0000000f,0x00000029,0x00000026,0x00000000,0x00050051,0x0000000f,
	0x0000002a,0x00000026,0x00000001,0x00070050,0x0000001f,0x0000002b,0x00000029,0x0000002a,
	0x00000027,0x00000028,0x00050041,0x0000002c,0x0000002d,0x00000025,0x0000000a,0x0003003e,
	0x0000002d,0x0000002b,0x0004003d,0x00000010,0x00000030,0x00000012,0x0005008e,0x00000010,
	0x00000032,0x00000030,0x00000031,0x00050050,0x00000010,0x00000033,0x00000031,0x00000031,
	0x00050081,0x00000010,0x00000034,0x00000032,0x00000033,0x0003003e,0x0000002f,0x00000034,
	0x000100fd,0x00010038
};
static const std::size_t kScenePostVertSpvWordCount = sizeof(kScenePostVertSpv) / sizeof(kScenePostVertSpv[0]);

static const std::uint32_t kScenePostFragSpv[] = {
	0x07230203,0x00010000,0x0008000b,0x000001c3,0x00000000,0x00020011,0x00000001,0x0006000b,
	0x00000001,0x4c534c47,0x6474732e,0x3035342e,0x00000000,0x0003000e,0x00000000,0x00000001,
	0x0008000f,0x00000004,0x00000004,0x6e69616d,0x00000000,0x0000014e,0x000001b0,0x000001bc,
	0x00030010,0x00000004,0x00000007,0x00030003,0x00000002,0x000001c2,0x00040005,0x00000004,
	0x6e69616d,0x00000000,0x00070005,0x0000000c,0x706d6153,0x6353656c,0x28656e65,0x3b326676,
	0x00000000,0x00030005,0x0000000b,0x00007675,0x00070005,0x0000000f,0x706d6153,0x6c42656c,
	0x286d6f6f,0x3b326676,0x00000000,0x00030005,0x0000000e,0x00007675,0x00050005,0x00000014,
	0x616d754c,0x33667628,0x0000003b,0x00040005,0x00000013,0x6f6c6f63,0x00000072,0x00060005,
	0x00000018,0x696e6153,0x657a6974,0x33667628,0x0000003b,0x00040005,0x00000017,0x6f6c6f63,
	0x00000072,0x00080005,0x0000001b,0x43786741,0x72746e6f,0x41747361,0x6f727070,0x66762878,
	0x00003b33,0x00030005,0x0000001a,0x00000078,0x00050005,0x0000001e,0x28786741,0x3b336676,
	0x00000000,0x00040005,0x0000001d,0x6f6c6f63,0x00000072,0x00070005,0x00000021,0x656e694c,
	0x6f547261,0x62677253,0x33667628,0x0000003b,0x00040005,0x00000020,0x6f6c6f63,0x00000072,
	0x00060005,0x00000024,0x6f736552,0x4c65766c,0x76287264,0x003b3266,0x00030005,0x00000023,
	0x00007675,0x00050005,0x00000028,0x65796142,0x76283272,0x003b3266,0x00030005,0x00000027,
	0x00000061,0x00050005,0x0000002b,0x65796142,0x76283472,0x003b3266,0x00030005,0x0000002a,
	0x00000061,0x00050005,0x0000002e,0x65796142,0x76283872,0x003b3266,0x00030005,0x0000002d,
	0x00000061,0x00060005,0x00000033,0x6e656373,0x78655465,0x65727574,0x00000000,0x00060005,
	0x00000040,0x6f6f6c62,0x7865546d,0x65727574,0x00000000,0x00030005,0x00000053,0x006e616e,
	0x00030005,0x00000056,0x00666e69,0x00030005,0x00000086,0x00003278,0x00030005,0x0000008a,
	0x00003478,0x00040005,0x000000ad,0x61726170,0x0000006d,0x00090005,0x000000b0,0x74736f50,
	0x636f7250,0x50737365,0x43687375,0x74736e6f,0x73746e61,0x00000000,0x00050006,0x000000b0,
	0x00000000,0x61726170,0x0000736d,0x00040005,0x000000b2,0x74736f70,0x00000000,0x00040005,
	0x000000da,0x61726170,0x0000006d,0x00040005,0x0000010c,0x656e696c,0x00007261,0x00040005,
	0x0000010d,0x61726170,0x0000006d,0x00040005,0x00000110,0x61726170,0x0000006d,0x00040005,
	0x00000117,0x61726170,0x0000006d,0x00040005,0x0000011a,0x61726170,0x0000006d,0x00040005,
	0x00000132,0x61726170,0x0000006d,0x00040005,0x00000136,0x61726170,0x0000006d,0x00040005,
	0x0000013e,0x61726170,0x0000006d,0x00040005,0x00000141,0x61726170,0x0000006d,0x00040005,
	0x00000147,0x65786574,0x0000006c,0x00040005,0x0000014c,0x6f6c6f63,0x00000072,0x00050005,
	0x0000014e,0x78655476,0x726f6f43,0x00000064,0x00040005,0x0000014f,0x61726170,0x0000006d,
	0x00040005,0x00000152,0x7466656c,0x00000000,0x00040005,0x00000158,0x61726170,0x0000006d,
	0x00040005,0x0000015a,0x68676972,0x00000074,0x00040005,0x00000160,0x61726170,0x0000006d,
	0x00030005,0x00000162,0x00007075,0x00040005,0x00000168,0x61726170,0x0000006d,0x00040005,
	0x0000016a,0x6e776f64,0x00000000,0x00040005,0x00000170,0x61726170,0x0000006d,0x00040005,
	0x00000172,0x616d756c,0x006e694d,0x00040005,0x00000173,0x61726170,0x0000006d,0x00040005,
	0x00000176,0x61726170,0x0000006d,0x00040005,0x00000179,0x61726170,0x0000006d,0x00040005,
	0x0000017d,0x61726170,0x0000006d,0x00040005,0x00000180,0x61726170,0x0000006d,0x00040005,
	0x00000186,0x616d756c,0x0078614d,0x00040005,0x00000187,0x61726170,0x0000006d,0x00040005,
	0x0000018a,0x61726170,0x0000006d,0x00040005,0x0000018d,0x61726170,0x0000006d,0x00040005,
	0x00000191,0x61726170,0x0000006d,0x00040005,0x00000194,0x61726170,0x0000006d,0x00050005,
	0x0000019a,0x65676465,0x6e656c42,0x00000064,0x00060005,0x000001b0,0x465f6c67,0x43676172,
	0x64726f6f,0x00000000,0x00040005,0x000001b1,0x61726170,0x0000006d,0x00050005,0x000001bc,
	0x4374756f,0x726f6c6f,0x00000000,0x00040047,0x00000033,0x00000022,0x00000002,0x00040047,
	0x00000033,0x00000021,0x00000000,0x00040047,0x00000040,0x00000022,0x00000002,0x00040047,
	0x00000040,0x00000021,0x00000001,0x00050048,0x000000b0,0x00000000,0x00000023,0x00000000,
	0x00030047,0x000000b0,0x00000002,0x00040047,0x0000014e,0x0000001e,0x00000000,0x00040047,
	0x000001b0,0x0000000b,0x0000000f,0x00040047,0x000001bc,0x0000001e,0x00000000,0x00020013,
	0x00000002,0x00030021,0x00000003,0x00000002,0x00030016,0x00000006,0x00000020,0x00040017,
	0x00000007,0x00000006,0x00000002,0x00040020,0x00000008,0x00000007,0x00000007,0x00040017,
	0x00000009,0x00000006,0x00000003,0x00040021,0x0000000a,0x00000009,0x00000008,0x00040020,
	0x00000011,0x00000007,0x00000009,0x00040021,0x00000012,0x00000006,0x00000011,0x00040021,
	0x00000016,0x00000009,0x00000011,0x00040021,0x00000026,0x00000006,0x00000008,0x00090019,
	0x00000030,0x00000006,0x00000001,0x00000000,0x00000000,0x00000000,0x00000001,0x00000000,
	0x0003001b,0x00000031,0x00000030,0x00040020,0x00000032,0x00000000,0x00000031,0x0004003b,
	0x00000032,0x00000033,0x00000000,0x0004002b,0x00000006,0x00000036,0x00000000,0x0005002c,
	0x00000007,0x00000037,0x00000036,0x00000036,0x0004002b,0x00000006,0x00000038,0x3f800000,
	0x0005002c,0x00000007,0x00000039,0x00000038,0x00000038,0x00040017,0x0000003b,0x00000006,
	0x00000004,0x0004003b,0x00000032,0x00000040,0x00000000,0x0004002b,0x00000006,0x00000049,
	0x3e59b3d0,0x0004002b,0x00000006,0x0000004a,0x3f371759,0x0004002b,0x00000006,0x0000004b,
	0x3d93dd98,0x0006002c,0x00000009,0x0000004c,0x00000049,0x0000004a,0x0000004b,0x00020014,
	0x00000050,0x00040017,0x00000051,0x00000050,0x00000003,0x00040020,0x00000052,0x00000007,
	0x00000051,0x00040015,0x00000059,0x00000020,0x00000000,0x0004002b,0x00000059,0x0000005a,
	0x00000000,0x00040020,0x0000005b,0x00000007,0x00000050,0x00040020,0x00000061,0x00000007,
	0x00000006,0x0004002b,0x00000059,0x00000069,0x00000001,0x0004002b,0x00000059,0x00000076,
	0x00000002,0x0004002b,0x00000006,0x0000008e,0x3cac0831,0x0004002b,0x00000006,0x00000091,
	0x40805aee,0x0004002b,0x00000006,0x00000095,0x41cd74bc,0x0004002b,0x00000006,0x0000009b,
	0x428cb7cf,0x0004002b,0x00000006,0x0000009f,0x42958e56,0x0004002b,0x00000006,0x000000a5,
	0x41d88d50,0x0003001e,0x000000b0,0x0000003b,0x00040020,0x000000b1,0x00000009,0x000000b0,
	0x0004003b,0x000000b1,0x000000b2,0x00000009,0x00040015,0x000000b3,0x00000020,0x00000001,
	0x0004002b,0x000000b3,0x000000b4,0x00000000,0x00040020,0x000000b5,0x00000009,0x00000006,
	0x0004002b,0x00000006,0x000000b9,0x2f5be6ff,0x0006002c,0x00000009,0x000000ba,0x000000b9,
	0x000000b9,0x000000b9,0x00040018,0x000000bc,0x00000009,0x00000003,0x0004002b,0x00000006,
	0x000000bd,0x3f0b7f1a,0x0004002b,0x00000006,0x000000be,0x3e0fcf85,0x0004002b,0x00000006,
	0x000000bf,0x3db5eb25,0x0006002c,0x00000009,0x000000c0,0x000000bd,0x000000be,0x000000bf,
	0x0004002b,0x00000006,0x000000c1,0x3ebf6005,0x0004002b,0x00000006,0x000000c2,0x3f410d54,
	0x0004002b,0x00000006,0x000000c3,0x3e372b91,0x0006002c,0x00000009,0x000000c4,0x000000c1,
	0x000000c2,0x000000c3,0x0004002b,0x00000006,0x000000c5,0x3da6ad2b,0x0004002b,0x00000006,
	0x000000c6,0x3dd7ed90,0x0004002b,0x00000006,0x000000c7,0x3f3b74bc,0x0006002c,0x00000009,
	0x000000c8,0x000000c5,0x000000c6,0x000000c7,0x0006002c,0x000000bc,0x000000c9,0x000000c0,
	0x000000c4,0x000000c8,0x0004002b,0x00000006,0x000000cf,0xc1479539,0x0004002b,0x00000006,
	0x000000d0,0x4080d58e,0x0004002b,0x00000006,0x000000d7,0x41840000,0x0006002c,0x00000009,
	0x000000de,0x00000036,0x00000036,0x00000036,0x0004002b,0x00000006,0x000000e0,0x4019999a,
	0x0006002c,0x00000009,0x000000e1,0x000000e0,0x000000e0,0x000000e0,0x0004002b,0x00000006,
	0x000000e3,0x3ffb7668,0x0004002b,0x00000006,0x000000e4,0xbe9940ca,0x0004002b,0x00000006,
	0x000000e5,0xbe28502c,0x0006002c,0x00000009,0x000000e6,0x000000e3,0x000000e4,0x000000e5,
	0x0004002b,0x00000006,0x000000e7,0xbf5b198a,0x0004002b,0x00000006,0x000000e8,0x3fa9c926,
	0x0004002b,0x00000006,0x000000e9,0xbe73f129,0x0006002c,0x00000009,0x000000ea,0x000000e7,
	0x000000e8,0x000000e9,0x0004002b,0x00000006,0x000000eb,0xbddef5b8,0x0004002b,0x00000006,
	0x000000ec,0xbcdddf4f,0x0004002b,0x00000006,0x000000ed,0x3fb38a8a,0x0006002c,0x00000009,
	0x000000ee,0x000000eb,0x000000ec,0x000000ed,0x0006002c,0x000000bc,0x000000ef,0x000000e6,
	0x000000ea,0x000000ee,0x0006002c,0x00000009,0x000000f6,0x00000038,0x00000038,0x00000038,
	0x0004002b,0x00000006,0x000000f8,0x3f870a3d,0x0006002c,0x00000009,0x000000f9,0x000000f8,
	0x000000f8,0x000000f8,0x0004002b,0x00000006,0x000000fb,0x3ed55555,0x0006002c,0x00000009,
	0x000000fc,0x000000fb,0x000000fb,0x000000fb,0x0004002b,0x00000006,0x000000ff,0x3d6147ae,
	0x0006002c,0x00000009,0x00000100,0x000000ff,0x000000ff,0x000000ff,0x0004002b,0x00000006,
	0x00000102,0x414eb852,0x0004002b,0x00000006,0x00000106,0x3b4d2e1c,0x0006002c,0x00000009,
	0x00000107,0x00000106,0x00000106,0x00000106,0x0004002b,0x00000006,0x00000122,0x40000000,
	0x0004002b,0x00000006,0x00000129,0x3f400000,0x0004002b,0x00000006,0x0000012f,0x3f000000,
	0x0004002b,0x00000006,0x00000134,0x3e800000,0x00040020,0x00000148,0x00000009,0x0000003b,
	0x00040020,0x0000014d,0x00000001,0x00000007,0x0004003b,0x0000014d,0x0000014e,0x00000001,
	0x0004002b,0x00000006,0x0000019b,0x3da3d70a,0x0004002b,0x00000006,0x0000019c,0x3e99999a,
	0x0004002b,0x00000006,0x000001a1,0x3df5c28f,0x00040020,0x000001af,0x00000001,0x0000003b,
	0x0004003b,0x000001af,0x000001b0,0x00000001,0x0004002b,0x00000006,0x000001b6,0x3b808081,
	0x00040020,0x000001bb,0x00000003,0x0000003b,0x0004003b,0x000001bb,0x000001bc,0x00000003,
	0x00050036,0x00000002,0x00000004,0x00000000,0x00000003,0x000200f8,0x00000005,0x0004003b,
	0x00000008,0x00000147,0x00000007,0x0004003b,0x00000011,0x0000014c,0x00000007,0x0004003b,
	0x00000008,0x0000014f,0x00000007,0x0004003b,0x00000011,0x00000152,0x00000007,0x0004003b,
	0x00000008,0x00000158,0x00000007,0x0004003b,0x00000011,0x0000015a,0x00000007,0x0004003b,
	0x00000008,0x00000160,0x00000007,0x0004003b,0x00000011,0x00000162,0x00000007,0x0004003b,
	0x00000008,0x00000168,0x00000007,0x0004003b,0x00000011,0x0000016a,0x00000007,0x0004003b,
	0x00000008,0x00000170,0x00000007,0x0004003b,0x00000061,0x00000172,0x00000007,0x0004003b,
	0x00000011,0x00000173,0x00000007,0x0004003b,0x00000011,0x00000176,0x00000007,0x0004003b,
	0x00000011,0x00000179,0x00000007,0x0004003b,0x00000011,0x0000017d,0x00000007,0x0004003b,
	0x00000011,0x00000180,0x00000007,0x0004003b,0x00000061,0x00000186,0x00000007,0x0004003b,
	0x00000011,0x00000187,0x00000007,0x0004003b,0x00000011,0x0000018a,0x00000007,0x0004003b,
	0x00000011,0x0000018d,0x00000007,0x0004003b,0x00000011,0x00000191,0x00000007,0x0004003b,
	0x00000011,0x00000194,0x00000007,0x0004003b,0x00000061,0x0000019a,0x00000007,0x0004003b,
	0x00000008,0x000001b1,0x00000007,0x00050041,0x00000148,0x00000149,0x000000b2,0x000000b4,
	0x0004003d,0x0000003b,0x0000014a,0x00000149,0x0007004f,0x00000007,0x0000014b,0x0000014a,
	0x0000014a,0x00000002,0x00000003,0x0003003e,0x00000147,0x0000014b,0x0004003d,0x00000007,
	0x00000150,0x0000014e,0x0003003e,0x0000014f,0x00000150,0x00050039,0x00000009,0x00000151,
	0x00000024,0x0000014f,0x0003003e,0x0000014c,0x00000151,0x0004003d,0x00000007,0x00000153,
	0x0000014e,0x00050041,0x00000061,0x00000154,0x00000147,0x0000005a,0x0004003d,0x00000006,
	0x00000155,0x00000154,0x00050050,0x00000007,0x00000156,0x00000155,0x00000036,0x00050083,
	0x00000007,0x00000157,0x00000153,0x00000156,0x0003003e,0x00000158,0x00000157,0x00050039,
	0x00000009,0x00000159,0x00000024,0x00000158,0x0003003e,0x00000152,0x00000159,0x0004003d,
	0x00000007,0x0000015b,0x0000014e,0x00050041,0x00000061,0x0000015c,0x00000147,0x0000005a,
	0x0004003d,0x00000006,0x0000015d,0x0000015c,0x00050050,0x00000007,0x0000015e,0x0000015d,
	0x00000036,0x00050081,0x00000007,0x0000015f,0x0000015b,0x0000015e,0x0003003e,0x00000160,
	0x0000015f,0x00050039,0x00000009,0x00000161,0x00000024,0x00000160,0x0003003e,0x0000015a,
	0x00000161,0x0004003d,0x00000007,0x00000163,0x0000014e,0x00050041,0x00000061,0x00000164,
	0x00000147,0x00000069,0x0004003d,0x00000006,0x00000165,0x00000164,0x00050050,0x00000007,
	0x00000166,0x00000036,0x00000165,0x00050083,0x00000007,0x00000167,0x00000163,0x00000166,
	0x0003003e,0x00000168,0x00000167,0x00050039,0x00000009,0x00000169,0x00000024,0x00000168,
	0x0003003e,0x00000162,0x00000169,0x0004003d,0x00000007,0x0000016b,0x0000014e,0x00050041,
	0x00000061,0x0000016c,0x00000147,0x00000069,0x0004003d,0x00000006,0x0000016d,0x0000016c,
	0x00050050,0x00000007,0x0000016e,0x00000036,0x0000016d,0x00050081,0x00000007,0x0000016f,
	0x0000016b,0x0000016e,0x0003003e,0x00000170,0x0000016f,0x00050039,0x00000009,0x00000171,
	0x00000024,0x00000170,0x0003003e,0x0000016a,0x00000171,0x0004003d,0x00000009,0x00000174,
	0x0000014c,0x0003003e,0x00000173,0x00000174,0x00050039,0x00000006,0x00000175,0x00000014,
	0x00000173,0x0004003d,0x00000009,0x00000177,0x00000152,0x0003003e,0x00000176,0x00000177,
	0x00050039,0x00000006,0x00000178,0x00000014,0x00000176,0x0004003d,0x00000009,0x0000017a,
	0x0000015a,0x0003003e,0x00000179,0x0000017a,0x00050039,0x00000006,0x0000017b,0x00000014,
	0x00000179,0x0007000c,0x00000006,0x0000017c,0x00000001,0x00000025,0x00000178,0x0000017b,
	0x0004003d,0x00000009,0x0000017e,0x00000162,0x0003003e,0x0000017d,0x0000017e,0x00050039,
	0x00000006,0x0000017f,0x00000014,0x0000017d,0x0004003d,0x00000009,0x00000181,0x0000016a,
	0x0003003e,0x00000180,0x00000181,0x00050039,0x00000006,0x00000182,0x00000014,0x00000180,
	0x0007000c,0x00000006,0x00000183,0x00000001,0x00000025,0x0000017f,0x00000182,0x0007000c,
	0x00000006,0x00000184,0x00000001,0x00000025,0x0000017c,0x00000183,0x0007000c,0x00000006,
	0x00000185,0x00000001,0x00000025,0x00000175,0x00000184,0x0003003e,0x00000172,0x00000185,
	0x0004003d,0x00000009,0x00000188,0x0000014c,0x0003003e,0x00000187,0x00000188,0x00050039,
	0x00000006,0x00000189,0x00000014,0x00000187,0x0004003d,0x00000009,0x0000018b,0x00000152,
	0x0003003e,0x0000018a,0x0000018b,0x00050039,0x00000006,0x0000018c,0x00000014,0x0000018a,
	0x0004003d,0x00000009,0x0000018e,0x0000015a,0x0003003e,0x0000018d,0x0000018e,0x00050039,
	0x00000006,0x0000018f,0x00000014,0x0000018d,0x0007000c,0x00000006,0x00000190,0x00000001,
	0x00000028,0x0000018c,0x0000018f,0x0004003d,0x00000009,0x00000192,0x00000162,0x0003003e,
	0x00000191,0x00000192,0x00050039,0x00000006,0x00000193,0x00000014,0x00000191,0x0004003d,
	0x00000009,0x00000195,0x0000016a,0x0003003e,0x00000194,0x00000195,0x00050039,0x00000006,
	0x00000196,0x00000014,0x00000194,0x0007000c,0x00000006,0x00000197,0x00000001,0x00000028,
	0x00000193,0x00000196,0x0007000c,0x00000006,0x00000198,0x00000001,0x00000028,0x00000190,
	0x00000197,0x0007000c,0x00000006,0x00000199,0x00000001,0x00000028,0x00000189,0x00000198,
	0x0003003e,0x00000186,0x00000199,0x0004003d,0x00000006,0x0000019d,0x00000186,0x0004003d,
	0x00000006,0x0000019e,0x00000172,0x00050083,0x00000006,0x0000019f,0x0000019d,0x0000019e,
	0x0008000c,0x00000006,0x000001a0,0x00000001,0x00000031,0x0000019b,0x0000019c,0x0000019f,
	0x00050085,0x00000006,0x000001a2,0x000001a0,0x000001a1,0x0003003e,0x0000019a,0x000001a2,
	0x0004003d,0x00000009,0x000001a3,0x0000014c,0x0004003d,0x00000009,0x000001a4,0x00000152,
	0x0004003d,0x00000009,0x000001a5,0x0000015a,0x00050081,0x00000009,0x000001a6,0x000001a4,
	0x000001a5,0x0004003d,0x00000009,0x000001a7,0x00000162,0x00050081,0x00000009,0x000001a8,
	0x000001a6,0x000001a7,0x0004003d,0x00000009,0x000001a9,0x0000016a,0x00050081,0x00000009,
	0x000001aa,0x000001a8,0x000001a9,0x0005008e,0x00000009,0x000001ab,0x000001aa,0x00000134,
	0x0004003d,0x00000006,0x000001ac,0x0000019a,0x00060050,0x00000009,0x000001ad,0x000001ac,
	0x000001ac,0x000001ac,0x0008000c,0x00000009,0x000001ae,0x00000001,0x0000002e,0x000001a3,
	0x000001ab,0x000001ad,0x0003003e,0x0000014c,0x000001ae,0x0004003d,0x0000003b,0x000001b2,
	0x000001b0,0x0007004f,0x00000007,0x000001b3,0x000001b2,0x000001b2,0x00000000,0x00000001,
	0x0003003e,0x000001b1,0x000001b3,0x00050039,0x00000006,0x000001b4,0x0000002e,0x000001b1,
	0x00050083,0x00000006,0x000001b5,0x000001b4,0x0000012f,0x00050085,0x00000006,0x000001b7,
	0x000001b5,0x000001b6,0x0004003d,0x00000009,0x000001b8,0x0000014c,0x00060050,0x00000009,
	0x000001b9,0x000001b7,0x000001b7,0x000001b7,0x00050081,0x00000009,0x000001ba,0x000001b8,
	0x000001b9,0x0003003e,0x0000014c,0x000001ba,0x0004003d,0x00000009,0x000001bd,0x0000014c,
	0x0008000c,0x00000009,0x000001be,0x00000001,0x0000002b,0x000001bd,0x000000de,0x000000f6,
	0x00050051,0x00000006,0x000001bf,0x000001be,0x00000000,0x00050051,0x00000006,0x000001c0,
	0x000001be,0x00000001,0x00050051,0x00000006,0x000001c1,0x000001be,0x00000002,0x00070050,
	0x0000003b,0x000001c2,0x000001bf,0x000001c0,0x000001c1,0x00000038,0x0003003e,0x000001bc,
	0x000001c2,0x000100fd,0x00010038,0x00050036,0x00000009,0x0000000c,0x00000000,0x0000000a,
	0x00030037,0x00000008,0x0000000b,0x000200f8,0x0000000d,0x0004003d,0x00000031,0x00000034,
	0x00000033,0x0004003d,0x00000007,0x00000035,0x0000000b,0x0008000c,0x00000007,0x0000003a,
	0x00000001,0x0000002b,0x00000035,0x00000037,0x00000039,0x00050057,0x0000003b,0x0000003c,
	0x00000034,0x0000003a,0x0008004f,0x00000009,0x0000003d,0x0000003c,0x0000003c,0x00000000,
	0x00000001,0x00000002,0x000200fe,0x0000003d,0x00010038,0x00050036,0x00000009,0x0000000f,
	0x00000000,0x0000000a,0x00030037,0x00000008,0x0000000e,0x000200f8,0x00000010,0x0004003d,
	0x00000031,0x00000041,0x00000040,0x0004003d,0x00000007,0x00000042,0x0000000e,0x0008000c,
	0x00000007,0x00000043,0x00000001,0x0000002b,0x00000042,0x00000037,0x00000039,0x00050057,
	0x0000003b,0x00000044,0x00000041,0x00000043,0x0008004f,0x00000009,0x00000045,0x00000044,
	0x00000044,0x00000000,0x00000001,0x00000002,0x000200fe,0x00000045,0x00010038,0x00050036,
	0x00000006,0x00000014,0x00000000,0x00000012,0x00030037,0x00000011,0x00000013,0x000200f8,
	0x00000015,0x0004003d,0x00000009,0x00000048,0x00000013,0x00050094,0x00000006,0x0000004d,
	0x00000048,0x0000004c,0x000200fe,0x0000004d,0x00010038,0x00050036,0x00000009,0x00000018,
	0x00000000,0x00000016,0x00030037,0x00000011,0x00000017,0x000200f8,0x00000019,0x0004003b,
	0x00000052,0x00000053,0x00000007,0x0004003b,0x00000052,0x00000056,0x00000007,0x0004003b,
	0x00000061,0x00000062,0x00000007,0x0004003b,0x00000061,0x0000006f,0x00000007,0x0004003b,
	0x00000061,0x0000007c,0x00000007,0x0004003d,0x00000009,0x00000054,0x00000017,0x0004009c,
	0x00000051,0x00000055,0x00000054,0x0003003e,0x00000053,0x00000055,0x0004003d,0x00000009,
	0x00000057,0x00000017,0x0004009d,0x00000051,0x00000058,0x00000057,0x0003003e,0x00000056,
	0x00000058,0x00050041,0x0000005b,0x0000005c,0x00000053,0x0000005a,0x0004003d,0x00000050,
	0x0000005d,0x0000005c,0x00050041,0x0000005b,0x0000005e,0x00000056,0x0000005a,0x0004003d,
	0x00000050,0x0000005f,0x0000005e,0x000500a6,0x00000050,0x00000060,0x0000005d,0x0000005f,
	0x000300f7,0x00000064,0x00000000,0x000400fa,0x00000060,0x00000063,0x00000065,0x000200f8,
	0x00000063,0x0003003e,0x00000062,0x00000036,0x000200f9,0x00000064,0x000200f8,0x00000065,
	0x00050041,0x00000061,0x00000066,0x00000017,0x0000005a,0x0004003d,0x00000006,0x00000067,
	0x00000066,0x0003003e,0x00000062,0x00000067,0x000200f9,0x00000064,0x000200f8,0x00000064,
	0x0004003d,0x00000006,0x00000068,0x00000062,0x00050041,0x0000005b,0x0000006a,0x00000053,
	0x00000069,0x0004003d,0x00000050,0x0000006b,0x0000006a,0x00050041,0x0000005b,0x0000006c,
	0x00000056,0x00000069,0x0004003d,0x00000050,0x0000006d,0x0000006c,0x000500a6,0x00000050,
	0x0000006e,0x0000006b,0x0000006d,0x000300f7,0x00000071,0x00000000,0x000400fa,0x0000006e,
	0x00000070,0x00000072,0x000200f8,0x00000070,0x0003003e,0x0000006f,0x00000036,0x000200f9,
	0x00000071,0x000200f8,0x00000072,0x00050041,0x00000061,0x00000073,0x00000017,0x00000069,
	0x0004003d,0x00000006,0x00000074,0x00000073,0x0003003e,0x0000006f,0x00000074,0x000200f9,
	0x00000071,0x000200f8,0x00000071,0x0004003d,0x00000006,0x00000075,0x0000006f,0x00050041,
	0x0000005b,0x00000077,0x00000053,0x00000076,0x0004003d,0x00000050,0x00000078,0x00000077,
	0x00050041,0x0000005b,0x00000079,0x00000056,0x00000076,0x0004003d,0x00000050,0x0000007a,
	0x00000079,0x000500a6,0x00000050,0x0000007b,0x00000078,0x0000007a,0x000300f7,0x0000007e,
	0x00000000,0x000400fa,0x0000007b,0x0000007d,0x0000007f,0x000200f8,0x0000007d,0x0003003e,
	0x0000007c,0x00000036,0x000200f9,0x0000007e,0x000200f8,0x0000007f,0x00050041,0x00000061,
	0x00000080,0x00000017,0x00000076,0x0004003d,0x00000006,0x00000081,0x00000080,0x0003003e,
	0x0000007c,0x00000081,0x000200f9,0x0000007e,0x000200f8,0x0000007e,0x0004003d,0x00000006,
	0x00000082,0x0000007c,0x00060050,0x00000009,0x00000083,0x00000068,0x00000075,0x00000082,
	0x000200fe,0x00000083,0x00010038,0x00050036,0x00000009,0x0000001b,0x00000000,0x00000016,
	0x00030037,0x00000011,0x0000001a,0x000200f8,0x0000001c,0x0004003b,0x00000011,0x00000086,
	0x00000007,0x0004003b,0x00000011,0x0000008a,0x00000007,0x0004003d,0x00000009,0x00000087,
	0x0000001a,0x0004003d,0x00000009,0x00000088,0x0000001a,0x00050085,0x00000009,0x00000089,
	0x00000087,0x00000088,0x0003003e,0x00000086,0x00000089,0x0004003d,0x00000009,0x0000008b,
	0x00000086,0x0004003d,0x00000009,0x0000008c,0x00000086,0x00050085,0x00000009,0x0000008d,
	0x0000008b,0x0000008c,0x0003003e,0x0000008a,0x0000008d,0x0004003d,0x00000009,0x0000008f,
	0x0000001a,0x0005008e,0x00000009,0x00000090,0x0000008f,0x0000008e,0x0004003d,0x00000009,
	0x00000092,0x00000086,0x0005008e,0x00000009,0x00000093,0x00000092,0x00000091,0x00050081,
	0x00000009,0x00000094,0x00000090,0x00000093,0x0004003d,0x00000009,0x00000096,0x00000086,
	0x0005008e,0x00000009,0x00000097,0x00000096,0x00000095,0x0004003d,0x00000009,0x00000098,
	0x0000001a,0x00050085,0x00000009,0x00000099,0x00000097,0x00000098,0x00050083,0x00000009,
	0x0000009a,0x00000094,0x00000099,0x0004003d,0x00000009,0x0000009c,0x0000008a,0x0005008e,
	0x00000009,0x0000009d,0x0000009c,0x0000009b,0x00050081,0x00000009,0x0000009e,0x0000009a,
	0x0000009d,0x0004003d,0x00000009,0x000000a0,0x0000008a,0x0005008e,0x00000009,0x000000a1,
	0x000000a0,0x0000009f,0x0004003d,0x00000009,0x000000a2,0x0000001a,0x00050085,0x00000009,
	0x000000a3,0x000000a1,0x000000a2,0x00050083,0x00000009,0x000000a4,0x0000009e,0x000000a3,
	0x0004003d,0x00000009,0x000000a6,0x0000008a,0x0005008e,0x00000009,0x000000a7,0x000000a6,
	0x000000a5,0x0004003d,0x00000009,0x000000a8,0x00000086,0x00050085,0x00000009,0x000000a9,
	0x000000a7,0x000000a8,0x00050081,0x00000009,0x000000aa,0x000000a4,0x000000a9,0x000200fe,
	0x000000aa,0x00010038,0x00050036,0x00000009,0x0000001e,0x00000000,0x00000016,0x00030037,
	0x00000011,0x0000001d,0x000200f8,0x0000001f,0x0004003b,0x00000011,0x000000ad,0x00000007,
	0x0004003b,0x00000011,0x000000da,0x00000007,0x0004003d,0x00000009,0x000000ae,0x0000001d,
	0x0003003e,0x000000ad,0x000000ae,0x00050039,0x00000009,0x000000af,0x00000018,0x000000ad,
	0x00060041,0x000000b5,0x000000b6,0x000000b2,0x000000b4,0x0000005a,0x0004003d,0x00000006,
	0x000000b7,0x000000b6,0x0005008e,0x00000009,0x000000b8,0x000000af,0x000000b7,0x0007000c,
	0x00000009,0x000000bb,0x00000001,0x00000028,0x000000b8,0x000000ba,0x0003003e,0x0000001d,
	0x000000bb,0x0004003d,0x00000009,0x000000ca,0x0000001d,0x00050091,0x00000009,0x000000cb,
	0x000000c9,0x000000ca,0x0003003e,0x0000001d,0x000000cb,0x0004003d,0x00000009,0x000000cc,
	0x0000001d,0x0007000c,0x00000009,0x000000cd,0x00000001,0x00000028,0x000000cc,0x000000ba,
	0x0006000c,0x00000009,0x000000ce,0x00000001,0x0000001e,0x000000cd,0x00060050,0x00000009,
	0x000000d1,0x000000cf,0x000000cf,0x000000cf,0x00060050,0x00000009,0x000000d2,0x000000d0,
	0x000000d0,0x000000d0,0x0008000c,0x00000009,0x000000d3,0x00000001,0x0000002b,0x000000ce,
	0x000000d1,0x000000d2,0x0003003e,0x0000001d,0x000000d3,0x0004003d,0x00000009,0x000000d4,
	0x0000001d,0x00060050,0x00000009,0x000000d5,0x000000cf,0x000000cf,0x000000cf,0x00050083,
	0x00000009,0x000000d6,0x000000d4,0x000000d5,0x00060050,0x00000009,0x000000d8,0x000000d7,
	0x000000d7,0x000000d7,0x00050088,0x00000009,0x000000d9,0x000000d6,0x000000d8,0x0003003e,
	0x0000001d,0x000000d9,0x0004003d,0x00000009,0x000000db,0x0000001d,0x0003003e,0x000000da,
	0x000000db,0x00050039,0x00000009,0x000000dc,0x0000001b,0x000000da,0x0003003e,0x0000001d,
	0x000000dc,0x0004003d,0x00000009,0x000000dd,0x0000001d,0x0007000c,0x00000009,0x000000df,
	0x00000001,0x00000028,0x000000dd,0x000000de,0x0007000c,0x00000009,0x000000e2,0x00000001,
	0x0000001a,0x000000df,0x000000e1,0x0003003e,0x0000001d,0x000000e2,0x0004003d,0x00000009,
	0x000000f0,0x0000001d,0x00050091,0x00000009,0x000000f1,0x000000ef,0x000000f0,0x0007000c,
	0x00000009,0x000000f2,0x00000001,0x00000028,0x000000f1,0x000000de,0x000200fe,0x000000f2,
	0x00010038,0x00050036,0x00000009,0x00000021,0x00000000,0x00000016,0x00030037,0x00000011,
	0x00000020,0x000200f8,0x00000022,0x0004003d,0x00000009,0x000000f5,0x00000020,0x0008000c,
	0x00000009,0x000000f7,0x00000001,0x0000002b,0x000000f5,0x000000de,0x000000f6,0x0003003e,
	0x00000020,0x000000f7,0x0004003d,0x00000009,0x000000fa,0x00000020,0x0007000c,0x00000009,
	0x000000fd,0x00000001,0x0000001a,0x000000fa,0x000000fc,0x00050085,0x00000009,0x000000fe,
	0x000000f9,0x000000fd,0x00050083,0x00000009,0x00000101,0x000000fe,0x00000100,0x0004003d,
	0x00000009,0x00000103,0x00000020,0x0005008e,0x00000009,0x00000104,0x00000103,0x00000102,
	0x0004003d,0x00000009,0x00000105,0x00000020,0x000500b8,0x00000051,0x00000108,0x00000105,
	0x00000107,0x000600a9,0x00000009,0x00000109,0x00000108,0x00000104,0x00000101,0x000200fe,
	0x00000109,0x00010038,0x00050036,0x00000009,0x00000024,0x00000000,0x0000000a,0x00030037,
	0x00000008,0x00000023,0x000200f8,0x00000025,0x0004003b,0x00000011,0x0000010c,0x00000007,
	0x0004003b,0x00000008,0x0000010d,0x00000007,0x0004003b,0x00000008,0x00000110,0x00000007,
	0x0004003b,0x00000011,0x00000117,0x00000007,0x0004003b,0x00000011,0x0000011a,0x00000007,
	0x0004003d,0x00000007,0x0000010e,0x00000023,0x0003003e,0x0000010d,0x0000010e,0x00050039,
	0x00000009,0x0000010f,0x0000000c,0x0000010d,0x0004003d,0x00000007,0x00000111,0x00000023,
	0x0003003e,0x00000110,0x00000111,0x00050039,0x00000009,0x00000112,0x0000000f,0x00000110,
	0x00060041,0x000000b5,0x00000113,0x000000b2,0x000000b4,0x00000069,0x0004003d,0x00000006,
	0x00000114,0x00000113,0x0005008e,0x00000009,0x00000115,0x00000112,0x00000114,0x00050081,
	0x00000009,0x00000116,0x0000010f,0x00000115,0x0003003e,0x0000010c,0x00000116,0x0004003d,
	0x00000009,0x00000118,0x0000010c,0x0003003e,0x00000117,0x00000118,0x00050039,0x00000009,
	0x00000119,0x0000001e,0x00000117,0x0003003e,0x0000011a,0x00000119,0x00050039,0x00000009,
	0x0000011b,0x00000021,0x0000011a,0x000200fe,0x0000011b,0x00010038,0x00050036,0x00000006,
	0x00000028,0x00000000,0x00000026,0x00030037,0x00000008,0x00000027,0x000200f8,0x00000029,
	0x0004003d,0x00000007,0x0000011e,0x00000027,0x0006000c,0x00000007,0x0000011f,0x00000001,
	0x00000008,0x0000011e,0x0003003e,0x00000027,0x0000011f,0x00050041,0x00000061,0x00000120,
	0x00000027,0x0000005a,0x0004003d,0x00000006,0x00000121,0x00000120,0x00050088,0x00000006,
	0x00000123,0x00000121,0x00000122,0x00050041,0x00000061,0x00000124,0x00000027,0x00000069,
	0x0004003d,0x00000006,0x00000125,0x00000124,0x00050041,0x00000061,0x00000126,0x00000027,
	0x00000069,0x0004003d,0x00000006,0x00000127,0x00000126,0x00050085,0x00000006,0x00000128,
	0x00000125,0x00000127,0x00050085,0x00000006,0x0000012a,0x00000128,0x00000129,0x00050081,
	0x00000006,0x0000012b,0x00000123,0x0000012a,0x0006000c,0x00000006,0x0000012c,0x00000001,
	0x0000000a,0x0000012b,0x000200fe,0x0000012c,0x00010038,0x00050036,0x00000006,0x0000002b,
	0x00000000,0x00000026,0x00030037,0x00000008,0x0000002a,0x000200f8,0x0000002c,0x0004003b,
	0x00000008,0x00000132,0x00000007,0x0004003b,0x00000008,0x00000136,0x00000007,0x0004003d,
	0x00000007,0x00000130,0x0000002a,0x0005008e,0x00000007,0x00000131,0x00000130,0x0000012f,
	0x0003003e,0x00000132,0x00000131,0x00050039,0x00000006,0x00000133,0x00000028,0x00000132,
	0x00050085,0x00000006,0x00000135,0x00000133,0x00000134,0x0004003d,0x00000007,0x00000137,
	0x0000002a,0x0003003e,0x00000136,0x00000137,0x00050039,0x00000006,0x00000138,0x00000028,
	0x00000136,0x00050081,0x00000006,0x00000139,0x00000135,0x00000138,0x000200fe,0x00000139,
	0x00010038,0x00050036,0x00000006,0x0000002e,0x00000000,0x00000026,0x00030037,0x00000008,
	0x0000002d,0x000200f8,0x0000002f,0x0004003b,0x00000008,0x0000013e,0x00000007,0x0004003b,
	0x00000008,0x00000141,0x00000007,0x0004003d,0x00000007,0x0000013c,0x0000002d,0x0005008e,
	0x00000007,0x0000013d,0x0000013c,0x0000012f,0x0003003e,0x0000013e,0x0000013d,0x00050039,
	0x00000006,0x0000013f,0x0000002b,0x0000013e,0x00050085,0x00000006,0x00000140,0x0000013f,
	0x00000134,0x0004003d,0x00000007,0x00000142,0x0000002d,0x0003003e,0x00000141,0x00000142,
	0x00050039,0x00000006,0x00000143,0x00000028,0x00000141,0x00050081,0x00000006,0x00000144,
	0x00000140,0x00000143,0x000200fe,0x00000144,0x00010038
};
static const std::size_t kScenePostFragSpvWordCount = sizeof(kScenePostFragSpv) / sizeof(kScenePostFragSpv[0]);

static const std::uint32_t kSceneBloomThresholdFragSpv[] = {
	0x07230203,0x00010000,0x0008000b,0x000000ac,0x00000000,0x00020011,0x00000001,0x00020011,
	0x00000032,0x0006000b,0x00000001,0x4c534c47,0x6474732e,0x3035342e,0x00000000,0x0003000e,
	0x00000000,0x00000001,0x0007000f,0x00000004,0x00000004,0x6e69616d,0x00000000,0x00000061,
	0x000000a4,0x00030010,0x00000004,0x00000007,0x00030003,0x00000002,0x000001c2,0x00040005,
	0x00000004,0x6e69616d,0x00000000,0x00090005,0x0000000a,0x74666f53,0x65656e4b,0x746e6f43,
	0x75626972,0x6e6f6974,0x3b316628,0x00000000,0x00050005,0x00000009,0x67697262,0x656e7468,
	0x00007373,0x00060005,0x00000010,0x65726854,0x6c6f6873,0x66762864,0x00003b33,0x00040005,
	0x0000000f,0x6f6c6f63,0x00000072,0x00050005,0x00000012,0x65726874,0x6c6f6873,0x00000064,
	0x00090005,0x00000014,0x74736f50,0x636f7250,0x50737365,0x43687375,0x74736e6f,0x73746e61,
	0x00000000,0x00050006,0x00000014,0x00000000,0x61726170,0x0000736d,0x00040005,0x00000016,
	0x74736f70,0x00000000,0x00050005,0x0000001e,0x74666f73,0x65656e4b,0x00000000,0x00040005,
	0x00000024,0x74666f73,0x00000000,0x00040005,0x0000004a,0x61726170,0x0000006d,0x00030005,
	0x00000051,0x00007870,0x00060005,0x00000056,0x75706e69,0x78655474,0x65727574,0x00000000,
	0x00030005,0x0000005e,0x006d7573,0x00050005,0x00000061,0x78655476,0x726f6f43,0x00000064,
	0x00040005,0x00000064,0x61726170,0x0000006d,0x00040005,0x00000071,0x61726170,0x0000006d,
	0x00040005,0x0000007f,0x61726170,0x0000006d,0x00040005,0x0000008f,0x61726170,0x0000006d,
	0x00040005,0x0000009e,0x61726170,0x0000006d,0x00050005,0x000000a4,0x4374756f,0x726f6c6f,
	0x00000000,0x00050048,0x00000014,0x00000000,0x00000023,0x00000000,0x00030047,0x00000014,
	0x00000002,0x00040047,0x00000056,0x00000022,0x00000002,0x00040047,0x00000056,0x00000021,
	0x00000000,0x00040047,0x00000061,0x0000001e,0x00000000,0x00040047,0x000000a4,0x0000001e,
	0x00000000,0x00020013,0x00000002,0x00030021,0x00000003,0x00000002,0x00030016,0x00000006,
	0x00000020,0x00040020,0x00000007,0x00000007,0x00000006,0x00040021,0x00000008,0x00000006,
	0x00000007,0x00040017,0x0000000c,0x00000006,0x00000003,0x00040020,0x0000000d,0x00000007,
	0x0000000c,0x00040021,0x0000000e,0x0000000c,0x0000000d,0x00040017,0x00000013,0x00000006,
	0x00000004,0x0003001e,0x00000014,0x00000013,0x00040020,0x00000015,0x00000009,0x00000014,
	0x0004003b,0x00000015,0x00000016,0x00000009,0x00040015,0x00000017,0x00000020,0x00000001,
	0x0004002b,0x00000017,0x00000018,0x00000000,0x00040015,0x00000019,0x00000020,0x00000000,
	0x0004002b,0x00000019,0x0000001a,0x00000000,0x00040020,0x0000001b,0x00000009,0x00000006,
	0x0004002b,0x00000019,0x0000001f,0x00000001,0x0004002b,0x00000006,0x0000002b,0x00000000,
	0x0004002b,0x00000006,0x0000002c,0x40000000,0x0004002b,0x00000006,0x00000033,0x40800000,
	0x0004002b,0x00000006,0x00000036,0x38d1b717,0x0004002b,0x00000006,0x00000045,0x3e59b3d0,
	0x0004002b,0x00000006,0x00000046,0x3f371759,0x0004002b,0x00000006,0x00000047,0x3d93dd98,
	0x0006002c,0x0000000c,0x00000048,0x00000045,0x00000046,0x00000047,0x00040017,0x0000004f,
	0x00000006,0x00000002,0x00040020,0x00000050,0x00000007,0x0000004f,0x0004002b,0x00000006,
	0x00000052,0x3f800000,0x00090019,0x00000053,0x00000006,0x00000001,0x00000000,0x00000000,
	0x00000000,0x00000001,0x00000000,0x0003001b,0x00000054,0x00000053,0x00040020,0x00000055,
	0x00000000,0x00000054,0x0004003b,0x00000055,0x00000056,0x00000000,0x00040017,0x00000059,
	0x00000017,0x00000002,0x00040020,0x00000060,0x00000001,0x0000004f,0x0004003b,0x00000060,
	0x00000061,0x00000001,0x00040020,0x000000a3,0x00000003,0x00000013,0x0004003b,0x000000a3,
	0x000000a4,0x00000003,0x0004002b,0x00000006,0x000000a6,0x3e000000,0x00050036,0x00000002,
	0x00000004,0x00000000,0x00000003,0x000200f8,0x00000005,0x0004003b,0x00000050,0x00000051,
	0x00000007,0x0004003b,0x0000000d,0x0000005e,0x00000007,0x0004003b,0x0000000d,0x00000064,
	0x00000007,0x0004003b,0x0000000d,0x00000071,0x00000007,0x0004003b,0x0000000d,0x0000007f,
	0x00000007,0x0004003b,0x0000000d,0x0000008f,0x00000007,0x0004003b,0x0000000d,0x0000009e,
	0x00000007,0x0004003d,0x00000054,0x00000057,0x00000056,0x00040064,0x00000053,0x00000058,
	0x00000057,0x00050067,0x00000059,0x0000005a,0x00000058,0x00000018,0x0004006f,0x0000004f,
	0x0000005b,0x0000005a,0x00050050,0x0000004f,0x0000005c,0x00000052,0x00000052,0x00050088,
	0x0000004f,0x0000005d,0x0000005c,0x0000005b,0x0003003e,0x00000051,0x0000005d,0x0004003d,
	0x00000054,0x0000005f,0x00000056,0x0004003d,0x0000004f,0x00000062,0x00000061,0x00050057,
	0x00000013,0x00000063,0x0000005f,0x00000062,0x0008004f,0x0000000c,0x00000065,0x00000063,
	0x00000063,0x00000000,0x00000001,0x00000002,0x0003003e,0x00000064,0x00000065,0x00050039,
	0x0000000c,0x00000066,0x00000010,0x00000064,0x0003003e,0x0000005e,0x00000066,0x0004003d,
	0x00000054,0x00000067,0x00000056,0x0004003d,0x0000004f,0x00000068,0x00000061,0x00050041,
	0x00000007,0x00000069,0x00000051,0x0000001a,0x0004003d,0x00000006,0x0000006a,0x00000069,
	0x0004007f,0x00000006,0x0000006b,0x0000006a,0x00050041,0x00000007,0x0000006c,0x00000051,
	0x0000001f,0x0004003d,0x00000006,0x0000006d,0x0000006c,0x00050050,0x0000004f,0x0000006e,
	0x0000006b,0x0000006d,0x00050081,0x0000004f,0x0000006f,0x00000068,0x0000006e,0x00050057,
	0x00000013,0x00000070,0x00000067,0x0000006f,0x0008004f,0x0000000c,0x00000072,0x00000070,
	0x00000070,0x00000000,0x00000001,0x00000002,0x0003003e,0x00000071,0x00000072,0x00050039,
	0x0000000c,0x00000073,0x00000010,0x00000071,0x0004003d,0x0000000c,0x00000074,0x0000005e,
	0x00050081,0x0000000c,0x00000075,0x00000074,0x00000073,0x0003003e,0x0000005e,0x00000075,
	0x0004003d,0x00000054,0x00000076,0x00000056,0x0004003d,0x0000004f,0x00000077,0x00000061,
	0x00050041,0x00000007,0x00000078,0x00000051,0x0000001a,0x0004003d,0x00000006,0x00000079,
	0x00000078,0x00050041,0x00000007,0x0000007a,0x00000051,0x0000001f,0x0004003d,0x00000006,
	0x0000007b,0x0000007a,0x00050050,0x0000004f,0x0000007c,0x00000079,0x0000007b,0x00050081,
	0x0000004f,0x0000007d,0x00000077,0x0000007c,0x00050057,0x00000013,0x0000007e,0x00000076,
	0x0000007d,0x0008004f,0x0000000c,0x00000080,0x0000007e,0x0000007e,0x00000000,0x00000001,
	0x00000002,0x0003003e,0x0000007f,0x00000080,0x00050039,0x0000000c,0x00000081,0x00000010,
	0x0000007f,0x0004003d,0x0000000c,0x00000082,0x0000005e,0x00050081,0x0000000c,0x00000083,
	0x00000082,0x00000081,0x0003003e,0x0000005e,0x00000083,0x0004003d,0x00000054,0x00000084,
	0x00000056,0x0004003d,0x0000004f,0x00000085,0x00000061,0x00050041,0x00000007,0x00000086,
	0x00000051,0x0000001a,0x0004003d,0x00000006,0x00000087,0x00000086,0x0004007f,0x00000006,
	0x00000088,0x00000087,0x00050041,0x00000007,0x00000089,0x00000051,0x0000001f,0x0004003d,
	0x00000006,0x0000008a,0x00000089,0x0004007f,0x00000006,0x0000008b,0x0000008a,0x00050050,
	0x0000004f,0x0000008c,0x00000088,0x0000008b,0x00050081,0x0000004f,0x0000008d,0x00000085,
	0x0000008c,0x00050057,0x00000013,0x0000008e,0x00000084,0x0000008d,0x0008004f,0x0000000c,
	0x00000090,0x0000008e,0x0000008e,0x00000000,0x00000001,0x00000002,0x0003003e,0x0000008f,
	0x00000090,0x00050039,0x0000000c,0x00000091,0x00000010,0x0000008f,0x0004003d,0x0000000c,
	0x00000092,0x0000005e,0x00050081,0x0000000c,0x00000093,0x00000092,0x00000091,0x0003003e,
	0x0000005e,0x00000093,0x0004003d,0x00000054,0x00000094,0x00000056,0x0004003d,0x0000004f,
	0x00000095,0x00000061,0x00050041,0x00000007,0x00000096,0x00000051,0x0000001a,0x0004003d,
	0x00000006,0x00000097,0x00000096,0x00050041,0x00000007,0x00000098,0x00000051,0x0000001f,
	0x0004003d,0x00000006,0x00000099,0x00000098,0x0004007f,0x00000006,0x0000009a,0x00000099,
	0x00050050,0x0000004f,0x0000009b,0x00000097,0x0000009a,0x00050081,0x0000004f,0x0000009c,
	0x00000095,0x0000009b,0x00050057,0x00000013,0x0000009d,0x00000094,0x0000009c,0x0008004f,
	0x0000000c,0x0000009f,0x0000009d,0x0000009d,0x00000000,0x00000001,0x00000002,0x0003003e,
	0x0000009e,0x0000009f,0x00050039,0x0000000c,0x000000a0,0x00000010,0x0000009e,0x0004003d,
	0x0000000c,0x000000a1,0x0000005e,0x00050081,0x0000000c,0x000000a2,0x000000a1,0x000000a0,
	0x0003003e,0x0000005e,0x000000a2,0x0004003d,0x0000000c,0x000000a5,0x0000005e,0x0005008e,
	0x0000000c,0x000000a7,0x000000a5,0x000000a6,0x00050051,0x00000006,0x000000a8,0x000000a7,
	0x00000000,0x00050051,0x00000006,0x000000a9,0x000000a7,0x00000001,0x00050051,0x00000006,
	0x000000aa,0x000000a7,0x00000002,0x00070050,0x00000013,0x000000ab,0x000000a8,0x000000a9,
	0x000000aa,0x00000052,0x0003003e,0x000000a4,0x000000ab,0x000100fd,0x00010038,0x00050036,
	0x00000006,0x0000000a,0x00000000,0x00000008,0x00030037,0x00000007,0x00000009,0x000200f8,
	0x0000000b,0x0004003b,0x00000007,0x00000012,0x00000007,0x0004003b,0x00000007,0x0000001e,
	0x00000007,0x0004003b,0x00000007,0x00000024,0x00000007,0x00060041,0x0000001b,0x0000001c,
	0x00000016,0x00000018,0x0000001a,0x0004003d,0x00000006,0x0000001d,0x0000001c,0x0003003e,
	0x00000012,0x0000001d,0x00060041,0x0000001b,0x00000020,0x00000016,0x00000018,0x0000001f,
	0x0004003d,0x00000006,0x00000021,0x00000020,0x0004003d,0x00000006,0x00000022,0x00000012,
	0x00050085,0x00000006,0x00000023,0x00000021,0x00000022,0x0003003e,0x0000001e,0x00000023,
	0x0004003d,0x00000006,0x00000025,0x00000009,0x0004003d,0x00000006,0x00000026,0x00000012,
	0x00050083,0x00000006,0x00000027,0x00000025,0x00000026,0x0004003d,0x00000006,0x00000028,
	0x0000001e,0x00050081,0x00000006,0x00000029,0x00000027,0x00000028,0x0003003e,0x00000024,
	0x00000029,0x0004003d,0x00000006,0x0000002a,0x00000024,0x0004003d,0x00000006,0x0000002d,
	0x0000001e,0x00050085,0x00000006,0x0000002e,0x0000002c,0x0000002d,0x0008000c,0x00000006,
	0x0000002f,0x00000001,0x0000002b,0x0000002a,0x0000002b,0x0000002e,0x0003003e,0x00000024,
	0x0000002f,0x0004003d,0x00000006,0x00000030,0x00000024,0x0004003d,0x00000006,0x00000031,
	0x00000024,0x00050085,0x00000006,0x00000032,0x00000030,0x00000031,0x0004003d,0x00000006,
	0x00000034,0x0000001e,0x00050085,0x00000006,0x00000035,0x00000033,0x00000034,0x00050081,
	0x00000006,0x00000037,0x00000035,0x00000036,0x00050088,0x00000006,0x00000038,0x00000032,
	0x00000037,0x0003003e,0x00000024,0x00000038,0x0004003d,0x00000006,0x00000039,0x00000024,
	0x0004003d,0x00000006,0x0000003a,0x00000009,0x0004003d,0x00000006,0x0000003b,0x00000012,
	0x00050083,0x00000006,0x0000003c,0x0000003a,0x0000003b,0x0007000c,0x00000006,0x0000003d,
	0x00000001,0x00000028,0x00000039,0x0000003c,0x0004003d,0x00000006,0x0000003e,0x00000009,
	0x0007000c,0x00000006,0x0000003f,0x00000001,0x00000028,0x0000003e,0x00000036,0x00050088,
	0x00000006,0x00000040,0x0000003d,0x0000003f,0x000200fe,0x00000040,0x00010038,0x00050036,
	0x0000000c,0x00000010,0x00000000,0x0000000e,0x00030037,0x0000000d,0x0000000f,0x000200f8,
	0x00000011,0x0004003b,0x00000007,0x0000004a,0x00000007,0x0004003d,0x0000000c,0x00000043,
	0x0000000f,0x0004003d,0x0000000c,0x00000044,0x0000000f,0x00050094,0x00000006,0x00000049,
	0x00000044,0x00000048,0x0003003e,0x0000004a,0x00000049,0x00050039,0x00000006,0x0000004b,
	0x0000000a,0x0000004a,0x0005008e,0x0000000c,0x0000004c,0x00000043,0x0000004b,0x000200fe,
	0x0000004c,0x00010038
};
static const std::size_t kSceneBloomThresholdFragSpvWordCount = sizeof(kSceneBloomThresholdFragSpv) / sizeof(kSceneBloomThresholdFragSpv[0]);

static const std::uint32_t kSceneBloomDownFragSpv[] = {
	0x07230203,0x00010000,0x0008000b,0x00000068,0x00000000,0x00020011,0x00000001,0x00020011,
	0x00000032,0x0006000b,0x00000001,0x4c534c47,0x6474732e,0x3035342e,0x00000000,0x0003000e,
	0x00000000,0x00000001,0x0007000f,0x00000004,0x00000004,0x6e69616d,0x00000000,0x0000001d,
	0x0000005d,0x00030010,0x00000004,0x00000007,0x00030003,0x00000002,0x000001c2,0x00040005,
	0x00000004,0x6e69616d,0x00000000,0x00030005,0x00000009,0x00007870,0x00060005,0x0000000e,
	0x75706e69,0x78655474,0x65727574,0x00000000,0x00030005,0x0000001a,0x006d7573,0x00050005,
	0x0000001d,0x78655476,0x726f6f43,0x00000064,0x00050005,0x0000005d,0x4374756f,0x726f6c6f,
	0x00000000,0x00090005,0x00000065,0x74736f50,0x636f7250,0x50737365,0x43687375,0x74736e6f,
	0x73746e61,0x00000000,0x00050006,0x00000065,0x00000000,0x61726170,0x0000736d,0x00040005,
	0x00000067,0x74736f70,0x00000000,0x00040047,0x0000000e,0x00000022,0x00000002,0x00040047,
	0x0000000e,0x00000021,0x00000000,0x00040047,0x0000001d,0x0000001e,0x00000000,0x00040047,
	0x0000005d,0x0000001e,0x00000000,0x00050048,0x00000065,0x00000000,0x00000023,0x00000000,
	0x00030047,0x00000065,0x00000002,0x00020013,0x00000002,0x00030021,0x00000003,0x00000002,
	0x00030016,0x00000006,0x00000020,0x00040017,0x00000007,0x00000006,0x00000002,0x00040020,
	0x00000008,0x00000007,0x00000007,0x0004002b,0x00000006,0x0000000a,0x3f800000,0x00090019,
	0x0000000b,0x00000006,0x00000001,0x00000000,0x00000000,0x00000000,0x00000001,0x00000000,
	0x0003001b,0x0000000c,0x0000000b,0x00040020,0x0000000d,0x00000000,0x0000000c,0x0004003b,
	0x0000000d,0x0000000e,0x00000000,0x00040015,0x00000010,0x00000020,0x00000001,0x0004002b,
	0x00000010,0x00000011,0x00000000,0x00040017,0x00000013,0x00000010,0x00000002,0x00040017,
	0x00000018,0x00000006,0x00000003,0x00040020,0x00000019,0x00000007,0x00000018,0x00040020,
	0x0000001c,0x00000001,0x00000007,0x0004003b,0x0000001c,0x0000001d,0x00000001,0x00040017,
	0x0000001f,0x00000006,0x00000004,0x0004002b,0x00000006,0x00000022,0x40800000,0x00040015,
	0x00000026,0x00000020,0x00000000,0x0004002b,0x00000026,0x00000027,0x00000000,0x00040020,
	0x00000028,0x00000007,0x00000006,0x0004002b,0x00000026,0x0000002c,0x00000001,0x00040020,
	0x0000005c,0x00000003,0x0000001f,0x0004003b,0x0000005c,0x0000005d,0x00000003,0x0004002b,
	0x00000006,0x0000005f,0x3e000000,0x0003001e,0x00000065,0x0000001f,0x00040020,0x00000066,
	0x00000009,0x00000065,0x0004003b,0x00000066,0x00000067,0x00000009,0x00050036,0x00000002,
	0x00000004,0x00000000,0x00000003,0x000200f8,0x00000005,0x0004003b,0x00000008,0x00000009,
	0x00000007,0x0004003b,0x00000019,0x0000001a,0x00000007,0x0004003d,0x0000000c,0x0000000f,
	0x0000000e,0x00040064,0x0000000b,0x00000012,0x0000000f,0x00050067,0x00000013,0x00000014,
	0x00000012,0x00000011,0x0004006f,0x00000007,0x00000015,0x00000014,0x00050050,0x00000007,
	0x00000016,0x0000000a,0x0000000a,0x00050088,0x00000007,0x00000017,0x00000016,0x00000015,
	0x0003003e,0x00000009,0x00000017,0x0004003d,0x0000000c,0x0000001b,0x0000000e,0x0004003d,
	0x00000007,0x0000001e,0x0000001d,0x00050057,0x0000001f,0x00000020,0x0000001b,0x0000001e,
	0x0008004f,0x00000018,0x00000021,0x00000020,0x00000020,0x00000000,0x00000001,0x00000002,
	0x0005008e,0x00000018,0x00000023,0x00000021,0x00000022,0x0003003e,0x0000001a,0x00000023,
	0x0004003d,0x0000000c,0x00000024,0x0000000e,0x0004003d,0x00000007,0x00000025,0x0000001d,
	0x00050041,0x00000028,0x00000029,0x00000009,0x00000027,0x0004003d,0x00000006,0x0000002a,
	0x00000029,0x0004007f,0x00000006,0x0000002b,0x0000002a,0x00050041,0x00000028,0x0000002d,
	0x00000009,0x0000002c,0x0004003d,0x00000006,0x0000002e,0x0000002d,0x00050050,0x00000007,
	0x0000002f,0x0000002b,0x0000002e,0x00050081,0x00000007,0x00000030,0x00000025,0x0000002f,
	0x00050057,0x0000001f,0x00000031,0x00000024,0x00000030,0x0008004f,0x00000018,0x00000032,
	0x00000031,0x00000031,0x00000000,0x00000001,0x00000002,0x0004003d,0x00000018,0x00000033,
	0x0000001a,0x00050081,0x00000018,0x00000034,0x00000033,0x00000032,0x0003003e,0x0000001a,
	0x00000034,0x0004003d,0x0000000c,0x00000035,0x0000000e,0x0004003d,0x00000007,0x00000036,
	0x0000001d,0x00050041,0x00000028,0x00000037,0x00000009,0x00000027,0x0004003d,0x00000006,
	0x00000038,0x00000037,0x00050041,0x00000028,0x00000039,0x00000009,0x0000002c,0x0004003d,
	0x00000006,0x0000003a,0x00000039,0x00050050,0x00000007,0x0000003b,0x00000038,0x0000003a,
	0x00050081,0x00000007,0x0000003c,0x00000036,0x0000003b,0x00050057,0x0000001f,0x0000003d,
	0x00000035,0x0000003c,0x0008004f,0x00000018,0x0000003e,0x0000003d,0x0000003d,0x00000000,
	0x00000001,0x00000002,0x0004003d,0x00000018,0x0000003f,0x0000001a,0x00050081,0x00000018,
	0x00000040,0x0000003f,0x0000003e,0x0003003e,0x0000001a,0x00000040,0x0004003d,0x0000000c,
	0x00000041,0x0000000e,0x0004003d,0x00000007,0x00000042,0x0000001d,0x00050041,0x00000028,
	0x00000043,0x00000009,0x00000027,0x0004003d,0x00000006,0x00000044,0x00000043,0x0004007f,
	0x00000006,0x00000045,0x00000044,0x00050041,0x00000028,0x00000046,0x00000009,0x0000002c,
	0x0004003d,0x00000006,0x00000047,0x00000046,0x0004007f,0x00000006,0x00000048,0x00000047,
	0x00050050,0x00000007,0x00000049,0x00000045,0x00000048,0x00050081,0x00000007,0x0000004a,
	0x00000042,0x00000049,0x00050057,0x0000001f,0x0000004b,0x00000041,0x0000004a,0x0008004f,
	0x00000018,0x0000004c,0x0000004b,0x0000004b,0x00000000,0x00000001,0x00000002,0x0004003d,
	0x00000018,0x0000004d,0x0000001a,0x00050081,0x00000018,0x0000004e,0x0000004d,0x0000004c,
	0x0003003e,0x0000001a,0x0000004e,0x0004003d,0x0000000c,0x0000004f,0x0000000e,0x0004003d,
	0x00000007,0x00000050,0x0000001d,0x00050041,0x00000028,0x00000051,0x00000009,0x00000027,
	0x0004003d,0x00000006,0x00000052,0x00000051,0x00050041,0x00000028,0x00000053,0x00000009,
	0x0000002c,0x0004003d,0x00000006,0x00000054,0x00000053,0x0004007f,0x00000006,0x00000055,
	0x00000054,0x00050050,0x00000007,0x00000056,0x00000052,0x00000055,0x00050081,0x00000007,
	0x00000057,0x00000050,0x00000056,0x00050057,0x0000001f,0x00000058,0x0000004f,0x00000057,
	0x0008004f,0x00000018,0x00000059,0x00000058,0x00000058,0x00000000,0x00000001,0x00000002,
	0x0004003d,0x00000018,0x0000005a,0x0000001a,0x00050081,0x00000018,0x0000005b,0x0000005a,
	0x00000059,0x0003003e,0x0000001a,0x0000005b,0x0004003d,0x00000018,0x0000005e,0x0000001a,
	0x0005008e,0x00000018,0x00000060,0x0000005e,0x0000005f,0x00050051,0x00000006,0x00000061,
	0x00000060,0x00000000,0x00050051,0x00000006,0x00000062,0x00000060,0x00000001,0x00050051,
	0x00000006,0x00000063,0x00000060,0x00000002,0x00070050,0x0000001f,0x00000064,0x00000061,
	0x00000062,0x00000063,0x0000000a,0x0003003e,0x0000005d,0x00000064,0x000100fd,0x00010038
};
static const std::size_t kSceneBloomDownFragSpvWordCount = sizeof(kSceneBloomDownFragSpv) / sizeof(kSceneBloomDownFragSpv[0]);

static const std::uint32_t kSceneBloomUpFragSpv[] = {
	0x07230203,0x00010000,0x0008000b,0x0000011a,0x00000000,0x00020011,0x00000001,0x00020011,
	0x00000032,0x0006000b,0x00000001,0x4c534c47,0x6474732e,0x3035342e,0x00000000,0x0003000e,
	0x00000000,0x00000001,0x0007000f,0x00000004,0x00000004,0x6e69616d,0x00000000,0x00000109,
	0x0000010b,0x00030010,0x00000004,0x00000007,0x00030003,0x00000002,0x000001c2,0x00040005,
	0x00000004,0x6e69616d,0x00000000,0x00080005,0x0000000c,0x6c617544,0x6e72654b,0x6e496c65,
	0x28747570,0x3b326676,0x00000000,0x00030005,0x0000000b,0x00007675,0x00080005,0x0000000f,
	0x6c617544,0x6e72654b,0x72506c65,0x6f697665,0x76287375,0x003b3266,0x00030005,0x0000000e,
	0x00007675,0x00030005,0x00000011,0x00007870,0x00060005,0x00000016,0x75706e69,0x78655474,
	0x65727574,0x00000000,0x00030005,0x00000021,0x006d7573,0x00030005,0x00000095,0x00007870,
	0x00060005,0x00000096,0x76657270,0x73756f69,0x74786554,0x00657275,0x00030005,0x0000009d,
	0x006d7573,0x00050005,0x00000109,0x4374756f,0x726f6c6f,0x00000000,0x00050005,0x0000010b,
	0x78655476,0x726f6f43,0x00000064,0x00040005,0x0000010c,0x61726170,0x0000006d,0x00040005,
	0x0000010f,0x61726170,0x0000006d,0x00090005,0x00000117,0x74736f50,0x636f7250,0x50737365,
	0x43687375,0x74736e6f,0x73746e61,0x00000000,0x00050006,0x00000117,0x00000000,0x61726170,
	0x0000736d,0x00040005,0x00000119,0x74736f70,0x00000000,0x00040047,0x00000016,0x00000022,
	0x00000002,0x00040047,0x00000016,0x00000021,0x00000000,0x00040047,0x00000096,0x00000022,
	0x00000002,0x00040047,0x00000096,0x00000021,0x00000001,0x00040047,0x00000109,0x0000001e,
	0x00000000,0x00040047,0x0000010b,0x0000001e,0x00000000,0x00050048,0x00000117,0x00000000,
	0x00000023,0x00000000,0x00030047,0x00000117,0x00000002,0x00020013,0x00000002,0x00030021,
	0x00000003,0x00000002,0x00030016,0x00000006,0x00000020,0x00040017,0x00000007,0x00000006,
	0x00000002,0x00040020,0x00000008,0x00000007,0x00000007,0x00040017,0x00000009,0x00000006,
	0x00000003,0x00040021,0x0000000a,0x00000009,0x00000008,0x0004002b,0x00000006,0x00000012,
	0x3f800000,0x00090019,0x00000013,0x00000006,0x00000001,0x00000000,0x00000000,0x00000000,
	0x00000001,0x00000000,0x0003001b,0x00000014,0x00000013,0x00040020,0x00000015,0x00000000,
	0x00000014,0x0004003b,0x00000015,0x00000016,0x00000000,0x00040015,0x00000018,0x00000020,
	0x00000001,0x0004002b,0x00000018,0x00000019,0x00000000,0x00040017,0x0000001b,0x00000018,
	0x00000002,0x00040020,0x00000020,0x00000007,0x00000009,0x0004002b,0x00000006,0x00000022,
	0x00000000,0x0006002c,0x00000009,0x00000023,0x00000022,0x00000022,0x00000022,0x00040015,
	0x00000026,0x00000020,0x00000000,0x0004002b,0x00000026,0x00000027,0x00000000,0x00040020,
	0x00000028,0x00000007,0x00000006,0x0004002b,0x00000026,0x0000002c,0x00000001,0x00040017,
	0x00000031,0x00000006,0x00000004,0x0004002b,0x00000006,0x00000034,0x40000000,0x0004002b,
	0x00000006,0x00000091,0x3daa9931,0x0004003b,0x00000015,0x00000096,0x00000000,0x00040020,
	0x00000108,0x00000003,0x00000031,0x0004003b,0x00000108,0x00000109,0x00000003,0x00040020,
	0x0000010a,0x00000001,0x00000007,0x0004003b,0x0000010a,0x0000010b,0x00000001,0x0003001e,
	0x00000117,0x00000031,0x00040020,0x00000118,0x00000009,0x00000117,0x0004003b,0x00000118,
	0x00000119,0x00000009,0x00050036,0x00000002,0x00000004,0x00000000,0x00000003,0x000200f8,
	0x00000005,0x0004003b,0x00000008,0x0000010c,0x00000007,0x0004003b,0x00000008,0x0000010f,
	0x00000007,0x0004003d,0x00000007,0x0000010d,0x0000010b,0x0003003e,0x0000010c,0x0000010d,
	0x00050039,0x00000009,0x0000010e,0x0000000c,0x0000010c,0x0004003d,0x00000007,0x00000110,
	0x0000010b,0x0003003e,0x0000010f,0x00000110,0x00050039,0x00000009,0x00000111,0x0000000f,
	0x0000010f,0x00050081,0x00000009,0x00000112,0x0000010e,0x00000111,0x00050051,0x00000006,
	0x00000113,0x00000112,0x00000000,0x00050051,0x00000006,0x00000114,0x00000112,0x00000001,
	0x00050051,0x00000006,0x00000115,0x00000112,0x00000002,0x00070050,0x00000031,0x00000116,
	0x00000113,0x00000114,0x00000115,0x00000012,0x0003003e,0x00000109,0x00000116,0x000100fd,
	0x00010038,0x00050036,0x00000009,0x0000000c,0x00000000,0x0000000a,0x00030037,0x00000008,
	0x0000000b,0x000200f8,0x0000000d,0x0004003b,0x00000008,0x00000011,0x00000007,0x0004003b,
	0x00000020,0x00000021,0x00000007,0x0004003d,0x00000014,0x00000017,0x00000016,0x00040064,
	0x00000013,0x0000001a,0x00000017,0x00050067,0x0000001b,0x0000001c,0x0000001a,0x00000019,
	0x0004006f,0x00000007,0x0000001d,0x0000001c,0x00050050,0x00000007,0x0000001e,0x00000012,
	0x00000012,0x00050088,0x00000007,0x0000001f,0x0000001e,0x0000001d,0x0003003e,0x00000011,
	0x0000001f,0x0003003e,0x00000021,0x00000023,0x0004003d,0x00000014,0x00000024,0x00000016,
	0x0004003d,0x00000007,0x00000025,0x0000000b,0x00050041,0x00000028,0x00000029,0x00000011,
	0x00000027,0x0004003d,0x00000006,0x0000002a,0x00000029,0x0004007f,0x00000006,0x0000002b,
	0x0000002a,0x00050041,0x00000028,0x0000002d,0x00000011,0x0000002c,0x0004003d,0x00000006,
	0x0000002e,0x0000002d,0x00050050,0x00000007,0x0000002f,0x0000002b,0x0000002e,0x00050081,
	0x00000007,0x00000030,0x00000025,0x0000002f,0x00050057,0x00000031,0x00000032,0x00000024,
	0x00000030,0x0008004f,0x00000009,0x00000033,0x00000032,0x00000032,0x00000000,0x00000001,
	0x00000002,0x0005008e,0x00000009,0x00000035,0x00000033,0x00000034,0x0004003d,0x00000009,
	0x00000036,0x00000021,0x00050081,0x00000009,0x00000037,0x00000036,0x00000035,0x0003003e,
	0x00000021,0x00000037,0x0004003d,0x00000014,0x00000038,0x00000016,0x0004003d,0x00000007,
	0x00000039,0x0000000b,0x00050041,0x00000028,0x0000003a,0x00000011,0x00000027,0x0004003d,
	0x00000006,0x0000003b,0x0000003a,0x00050041,0x00000028,0x0000003c,0x00000011,0x0000002c,
	0x0004003d,0x00000006,0x0000003d,0x0000003c,0x00050050,0x00000007,0x0000003e,0x0000003b,
	0x0000003d,0x00050081,0x00000007,0x0000003f,0x00000039,0x0000003e,0x00050057,0x00000031,
	0x00000040,0x00000038,0x0000003f,0x0008004f,0x00000009,0x00000041,0x00000040,0x00000040,
	0x00000000,0x00000001,0x00000002,0x0005008e,0x00000009,0x00000042,0x00000041,0x00000034,
	0x0004003d,0x00000009,0x00000043,0x00000021,0x00050081,0x00000009,0x00000044,0x00000043,
	0x00000042,0x0003003e,0x00000021,0x00000044,0x0004003d,0x00000014,0x00000045,0x00000016,
	0x0004003d,0x00000007,0x00000046,0x0000000b,0x00050041,0x00000028,0x00000047,0x00000011,
	0x00000027,0x0004003d,0x00000006,0x00000048,0x00000047,0x0004007f,0x00000006,0x00000049,
	0x00000048,0x00050041,0x00000028,0x0000004a,0x00000011,0x0000002c,0x0004003d,0x00000006,
	0x0000004b,0x0000004a,0x0004007f,0x00000006,0x0000004c,0x0000004b,0x00050050,0x00000007,
	0x0000004d,0x00000049,0x0000004c,0x00050081,0x00000007,0x0000004e,0x00000046,0x0000004d,
	0x00050057,0x00000031,0x0000004f,0x00000045,0x0000004e,0x0008004f,0x00000009,0x00000050,
	0x0000004f,0x0000004f,0x00000000,0x00000001,0x00000002,0x0005008e,0x00000009,0x00000051,
	0x00000050,0x00000034,0x0004003d,0x00000009,0x00000052,0x00000021,0x00050081,0x00000009,
	0x00000053,0x00000052,0x00000051,0x0003003e,0x00000021,0x00000053,0x0004003d,0x00000014,
	0x00000054,0x00000016,0x0004003d,0x00000007,0x00000055,0x0000000b,0x00050041,0x00000028,
	0x00000056,0x00000011,0x00000027,0x0004003d,0x00000006,0x00000057,0x00000056,0x00050041,
	0x00000028,0x00000058,0x00000011,0x0000002c,0x0004003d,0x00000006,0x00000059,0x00000058,
	0x0004007f,0x00000006,0x0000005a,0x00000059,0x00050050,0x00000007,0x0000005b,0x00000057,
	0x0000005a,0x00050081,0x00000007,0x0000005c,0x00000055,0x0000005b,0x00050057,0x00000031,
	0x0000005d,0x00000054,0x0000005c,0x0008004f,0x00000009,0x0000005e,0x0000005d,0x0000005d,
	0x00000000,0x00000001,0x00000002,0x0005008e,0x00000009,0x0000005f,0x0000005e,0x00000034,
	0x0004003d,0x00000009,0x00000060,0x00000021,0x00050081,0x00000009,0x00000061,0x00000060,
	0x0000005f,0x0003003e,0x00000021,0x00000061,0x0004003d,0x00000014,0x00000062,0x00000016,
	0x0004003d,0x00000007,0x00000063,0x0000000b,0x00050041,0x00000028,0x00000064,0x00000011,
	0x0000002c,0x0004003d,0x00000006,0x00000065,0x00000064,0x00050085,0x00000006,0x00000066,
	0x00000065,0x00000034,0x00050050,0x00000007,0x00000067,0x00000022,0x00000066,0x00050081,
	0x00000007,0x00000068,0x00000063,0x00000067,0x00050057,0x00000031,0x00000069,0x00000062,
	0x00000068,0x0008004f,0x00000009,0x0000006a,0x00000069,0x00000069,0x00000000,0x00000001,
	0x00000002,0x0004003d,0x00000009,0x0000006b,0x00000021,0x00050081,0x00000009,0x0000006c,
	0x0000006b,0x0000006a,0x0003003e,0x00000021,0x0000006c,0x0004003d,0x00000014,0x0000006d,
	0x00000016,0x0004003d,0x00000007,0x0000006e,0x0000000b,0x00050041,0x00000028,0x0000006f,
	0x00000011,0x00000027,0x0004003d,0x00000006,0x00000070,0x0000006f,0x00050085,0x00000006,
	0x00000071,0x00000070,0x00000034,0x00050050,0x00000007,0x00000072,0x00000071,0x00000022,
	0x00050081,0x00000007,0x00000073,0x0000006e,0x00000072,0x00050057,0x00000031,0x00000074,
	0x0000006d,0x00000073,0x0008004f,0x00000009,0x00000075,0x00000074,0x00000074,0x00000000,
	0x00000001,0x00000002,0x0004003d,0x00000009,0x00000076,0x00000021,0x00050081,0x00000009,
	0x00000077,0x00000076,0x00000075,0x0003003e,0x00000021,0x00000077,0x0004003d,0x00000014,
	0x00000078,0x00000016,0x0004003d,0x00000007,0x00000079,0x0000000b,0x00050041,0x00000028,
	0x0000007a,0x00000011,0x0000002c,0x0004003d,0x00000006,0x0000007b,0x0000007a,0x0004007f,
	0x00000006,0x0000007c,0x0000007b,0x00050085,0x00000006,0x0000007d,0x0000007c,0x00000034,
	0x00050050,0x00000007,0x0000007e,0x00000022,0x0000007d,0x00050081,0x00000007,0x0000007f,
	0x00000079,0x0000007e,0x00050057,0x00000031,0x00000080,0x00000078,0x0000007f,0x0008004f,
	0x00000009,0x00000081,0x00000080,0x00000080,0x00000000,0x00000001,0x00000002,0x0004003d,
	0x00000009,0x00000082,0x00000021,0x00050081,0x00000009,0x00000083,0x00000082,0x00000081,
	0x0003003e,0x00000021,0x00000083,0x0004003d,0x00000014,0x00000084,0x00000016,0x0004003d,
	0x00000007,0x00000085,0x0000000b,0x00050041,0x00000028,0x00000086,0x00000011,0x00000027,
	0x0004003d,0x00000006,0x00000087,0x00000086,0x0004007f,0x00000006,0x00000088,0x00000087,
	0x00050085,0x00000006,0x00000089,0x00000088,0x00000034,0x00050050,0x00000007,0x0000008a,
	0x00000089,0x00000022,0x00050081,0x00000007,0x0000008b,0x00000085,0x0000008a,0x00050057,
	0x00000031,0x0000008c,0x00000084,0x0000008b,0x0008004f,0x00000009,0x0000008d,0x0000008c,
	0x0000008c,0x00000000,0x00000001,0x00000002,0x0004003d,0x00000009,0x0000008e,0x00000021,
	0x00050081,0x00000009,0x0000008f,0x0000008e,0x0000008d,0x0003003e,0x00000021,0x0000008f,
	0x0004003d,0x00000009,0x00000090,0x00000021,0x0005008e,0x00000009,0x00000092,0x00000090,
	0x00000091,0x000200fe,0x00000092,0x00010038,0x00050036,0x00000009,0x0000000f,0x00000000,
	0x0000000a,0x00030037,0x00000008,0x0000000e,0x000200f8,0x00000010,0x0004003b,0x00000008,
	0x00000095,0x00000007,0x0004003b,0x00000020,0x0000009d,0x00000007,0x0004003d,0x00000014,
	0x00000097,0x00000096,0x00040064,0x00000013,0x00000098,0x00000097,0x00050067,0x0000001b,
	0x00000099,0x00000098,0x00000019,0x0004006f,0x00000007,0x0000009a,0x00000099,0x00050050,
	0x00000007,0x0000009b,0x00000012,0x00000012,0x00050088,0x00000007,0x0000009c,0x0000009b,
	0x0000009a,0x0003003e,0x00000095,0x0000009c,0x0003003e,0x0000009d,0x00000023,0x0004003d,
	0x00000014,0x0000009e,0x00000096,0x0004003d,0x00000007,0x0000009f,0x0000000e,0x00050041,
	0x00000028,0x000000a0,0x00000095,0x00000027,0x0004003d,0x00000006,0x000000a1,0x000000a0,
	0x0004007f,0x00000006,0x000000a2,0x000000a1,0x00050041,0x00000028,0x000000a3,0x00000095,
	0x0000002c,0x0004003d,0x00000006,0x000000a4,0x000000a3,0x00050050,0x00000007,0x000000a5,
	0x000000a2,0x000000a4,0x00050081,0x00000007,0x000000a6,0x0000009f,0x000000a5,0x00050057,
	0x00000031,0x000000a7,0x0000009e,0x000000a6,0x0008004f,0x00000009,0x000000a8,0x000000a7,
	0x000000a7,0x00000000,0x00000001,0x00000002,0x0005008e,0x00000009,0x000000a9,0x000000a8,
	0x00000034,0x0004003d,0x00000009,0x000000aa,0x0000009d,0x00050081,0x00000009,0x000000ab,
	0x000000aa,0x000000a9,0x0003003e,0x0000009d,0x000000ab,0x0004003d,0x00000014,0x000000ac,
	0x00000096,0x0004003d,0x00000007,0x000000ad,0x0000000e,0x00050041,0x00000028,0x000000ae,
	0x00000095,0x00000027,0x0004003d,0x00000006,0x000000af,0x000000ae,0x00050041,0x00000028,
	0x000000b0,0x00000095,0x0000002c,0x0004003d,0x00000006,0x000000b1,0x000000b0,0x00050050,
	0x00000007,0x000000b2,0x000000af,0x000000b1,0x00050081,0x00000007,0x000000b3,0x000000ad,
	0x000000b2,0x00050057,0x00000031,0x000000b4,0x000000ac,0x000000b3,0x0008004f,0x00000009,
	0x000000b5,0x000000b4,0x000000b4,0x00000000,0x00000001,0x00000002,0x0005008e,0x00000009,
	0x000000b6,0x000000b5,0x00000034,0x0004003d,0x00000009,0x000000b7,0x0000009d,0x00050081,
	0x00000009,0x000000b8,0x000000b7,0x000000b6,0x0003003e,0x0000009d,0x000000b8,0x0004003d,
	0x00000014,0x000000b9,0x00000096,0x0004003d,0x00000007,0x000000ba,0x0000000e,0x00050041,
	0x00000028,0x000000bb,0x00000095,0x00000027,0x0004003d,0x00000006,0x000000bc,0x000000bb,
	0x0004007f,0x00000006,0x000000bd,0x000000bc,0x00050041,0x00000028,0x000000be,0x00000095,
	0x0000002c,0x0004003d,0x00000006,0x000000bf,0x000000be,0x0004007f,0x00000006,0x000000c0,
	0x000000bf,0x00050050,0x00000007,0x000000c1,0x000000bd,0x000000c0,0x00050081,0x00000007,
	0x000000c2,0x000000ba,0x000000c1,0x00050057,0x00000031,0x000000c3,0x000000b9,0x000000c2,
	0x0008004f,0x00000009,0x000000c4,0x000000c3,0x000000c3,0x00000000,0x00000001,0x00000002,
	0x0005008e,0x00000009,0x000000c5,0x000000c4,0x00000034,0x0004003d,0x00000009,0x000000c6,
	0x0000009d,0x00050081,0x00000009,0x000000c7,0x000000c6,0x000000c5,0x0003003e,0x0000009d,
	0x000000c7,0x0004003d,0x00000014,0x000000c8,0x00000096,0x0004003d,0x00000007,0x000000c9,
	0x0000000e,0x00050041,0x00000028,0x000000ca,0x00000095,0x00000027,0x0004003d,0x00000006,
	0x000000cb,0x000000ca,0x00050041,0x00000028,0x000000cc,0x00000095,0x0000002c,0x0004003d,
	0x00000006,0x000000cd,0x000000cc,0x0004007f,0x00000006,0x000000ce,0x000000cd,0x00050050,
	0x00000007,0x000000cf,0x000000cb,0x000000ce,0x00050081,0x00000007,0x000000d0,0x000000c9,
	0x000000cf,0x00050057,0x00000031,0x000000d1,0x000000c8,0x000000d0,0x0008004f,0x00000009,
	0x000000d2,0x000000d1,0x000000d1,0x00000000,0x00000001,0x00000002,0x0005008e,0x00000009,
	0x000000d3,0x000000d2,0x00000034,0x0004003d,0x00000009,0x000000d4,0x0000009d,0x00050081,
	0x00000009,0x000000d5,0x000000d4,0x000000d3,0x0003003e,0x0000009d,0x000000d5,0x0004003d,
	0x00000014,0x000000d6,0x00000096,0x0004003d,0x00000007,0x000000d7,0x0000000e,0x00050041,
	0x00000028,0x000000d8,0x00000095,0x0000002c,0x0004003d,0x00000006,0x000000d9,0x000000d8,
	0x00050085,0x00000006,0x000000da,0x000000d9,0x00000034,0x00050050,0x00000007,0x000000db,
	0x00000022,0x000000da,0x00050081,0x00000007,0x000000dc,0x000000d7,0x000000db,0x00050057,
	0x00000031,0x000000dd,0x000000d6,0x000000dc,0x0008004f,0x00000009,0x000000de,0x000000dd,
	0x000000dd,0x00000000,0x00000001,0x00000002,0x0004003d,0x00000009,0x000000df,0x0000009d,
	0x00050081,0x00000009,0x000000e0,0x000000df,0x000000de,0x0003003e,0x0000009d,0x000000e0,
	0x0004003d,0x00000014,0x000000e1,0x00000096,0x0004003d,0x00000007,0x000000e2,0x0000000e,
	0x00050041,0x00000028,0x000000e3,0x00000095,0x00000027,0x0004003d,0x00000006,0x000000e4,
	0x000000e3,0x00050085,0x00000006,0x000000e5,0x000000e4,0x00000034,0x00050050,0x00000007,
	0x000000e6,0x000000e5,0x00000022,0x00050081,0x00000007,0x000000e7,0x000000e2,0x000000e6,
	0x00050057,0x00000031,0x000000e8,0x000000e1,0x000000e7,0x0008004f,0x00000009,0x000000e9,
	0x000000e8,0x000000e8,0x00000000,0x00000001,0x00000002,0x0004003d,0x00000009,0x000000ea,
	0x0000009d,0x00050081,0x00000009,0x000000eb,0x000000ea,0x000000e9,0x0003003e,0x0000009d,
	0x000000eb,0x0004003d,0x00000014,0x000000ec,0x00000096,0x0004003d,0x00000007,0x000000ed,
	0x0000000e,0x00050041,0x00000028,0x000000ee,0x00000095,0x0000002c,0x0004003d,0x00000006,
	0x000000ef,0x000000ee,0x0004007f,0x00000006,0x000000f0,0x000000ef,0x00050085,0x00000006,
	0x000000f1,0x000000f0,0x00000034,0x00050050,0x00000007,0x000000f2,0x00000022,0x000000f1,
	0x00050081,0x00000007,0x000000f3,0x000000ed,0x000000f2,0x00050057,0x00000031,0x000000f4,
	0x000000ec,0x000000f3,0x0008004f,0x00000009,0x000000f5,0x000000f4,0x000000f4,0x00000000,
	0x00000001,0x00000002,0x0004003d,0x00000009,0x000000f6,0x0000009d,0x00050081,0x00000009,
	0x000000f7,0x000000f6,0x000000f5,0x0003003e,0x0000009d,0x000000f7,0x0004003d,0x00000014,
	0x000000f8,0x00000096,0x0004003d,0x00000007,0x000000f9,0x0000000e,0x00050041,0x00000028,
	0x000000fa,0x00000095,0x00000027,0x0004003d,0x00000006,0x000000fb,0x000000fa,0x0004007f,
	0x00000006,0x000000fc,0x000000fb,0x00050085,0x00000006,0x000000fd,0x000000fc,0x00000034,
	0x00050050,0x00000007,0x000000fe,0x000000fd,0x00000022,0x00050081,0x00000007,0x000000ff,
	0x000000f9,0x000000fe,0x00050057,0x00000031,0x00000100,0x000000f8,0x000000ff,0x0008004f,
	0x00000009,0x00000101,0x00000100,0x00000100,0x00000000,0x00000001,0x00000002,0x0004003d,
	0x00000009,0x00000102,0x0000009d,0x00050081,0x00000009,0x00000103,0x00000102,0x00000101,
	0x0003003e,0x0000009d,0x00000103,0x0004003d,0x00000009,0x00000104,0x0000009d,0x0005008e,
	0x00000009,0x00000105,0x00000104,0x00000091,0x000200fe,0x00000105,0x00010038
};
static const std::size_t kSceneBloomUpFragSpvWordCount = sizeof(kSceneBloomUpFragSpv) / sizeof(kSceneBloomUpFragSpv[0]);

} // namespace native_vulkan_scene
